order_id,data,produto,categoria,quantidade,preco_unitario,custo_unitario,receita_bruta,desconto_valor,total_venda,lucro
V000737,2024-01-01,Óleo de Milho 900ml,Alimentos Básicos,5,115.69,84.17,578.45,57.85,520.6,99.75
V000533,2024-01-01,Refrigerante Guaraná 2L,Bebidas,2,119.5,93.43,239.0,23.9,215.1,28.24
V000577,2024-01-02,Ração para Cães 10kg,Pets,4,102.33,76.28,409.32,0.0,409.32,104.2
V000626,2024-01-02,Café em Cápsulas,Bebidas,4,54.27,37.12,217.08,0.0,217.08,68.6
V000620,2024-01-02,Desinfetante 1L,Limpeza,4,102.54,77.33,410.16,41.02,369.14,59.82
V000636,2024-01-04,Refrigerante Guaraná 2L,Bebidas,1,37.46,27.44,37.46,3.75,33.71,6.27
V000062,2024-01-04,Salsicha Hot Dog,Alimentos Básicos,2,77.54,50.59,155.08,15.51,139.57,38.39
V000694,2024-01-05,Suco Integral Laranja 1L,Bebidas,3,27.5,20.75,82.5,8.25,74.25,12.0
V000385,2024-01-10,Queijo Prato (kg),Laticínios,5,73.53,57.77,367.65,18.38,349.27,60.42
V000185,2024-01-10,"Água com Gás 1,5L",Bebidas,3,82.28,51.97,246.84,12.34,234.5,78.59
V000054,2024-01-10,"Água Mineral 1,5L",Bebidas,5,119.82,95.76,599.1,0.0,599.1,120.3
V000671,2024-01-10,Cerveja Lata 350ml,Bebidas,2,78.74,56.71,157.48,0.0,157.48,44.06
V000023,2024-01-12,Carvão Vegetal 5kg,Outros,6,16.4,12.74,98.4,4.92,93.48,17.04
V000469,2024-01-13,Queijo Mussarela (kg),Laticínios,4,48.37,29.84,193.48,19.35,174.13,54.77
V000456,2024-01-17,Pão de Forma Tradicional,Padaria,5,19.87,15.18,99.35,4.97,94.38,18.48
V000217,2024-01-17,Sal Grosso 1kg,Alimentos Básicos,3,9.13,6.83,27.39,2.74,24.65,4.16
V000552,2024-01-18,Sabonete Barra,Higiene,1,4.61,2.96,4.61,0.0,4.61,1.65
V000788,2024-01-18,Picanha (kg),Carnes,6,16.84,10.12,101.04,10.1,90.94,30.22
V000365,2024-01-20,Suco Integral Uva 1L,Bebidas,3,52.0,35.49,156.0,0.0,156.0,49.53
V000291,2024-01-20,Chocolate Barra 90g,Outros,2,100.69,71.47,201.38,20.14,181.24,38.3
V000703,2024-01-20,Pão Francês (kg),Padaria,2,88.08,55.16,176.16,17.62,158.54,48.22
V000249,2024-01-20,"Água Mineral 1,5L",Bebidas,1,103.87,74.28,103.87,10.39,93.48,19.2
V000602,2024-01-20,Alcatra (kg),Carnes,6,45.02,31.91,270.12,13.51,256.61,65.15
V000099,2024-01-21,Desinfetante 1L,Limpeza,4,58.81,46.37,235.24,11.76,223.48,38.0
V000658,2024-01-21,Frango Inteiro (kg),Carnes,3,39.38,30.27,118.14,11.81,106.33,15.52
V000704,2024-01-23,Sabonete Barra,Higiene,5,22.77,15.33,113.85,11.38,102.47,25.82
V000547,2024-01-28,Ração para Cães 10kg,Pets,3,27.04,19.51,81.12,0.0,81.12,22.59
V000563,2024-01-31,Salsicha Hot Dog,Alimentos Básicos,4,34.82,21.34,139.28,13.93,125.35,39.99
V000003,2024-02-02,Açúcar Refinado 1kg,Alimentos Básicos,1,28.58,20.04,28.58,0.0,28.58,8.54
V000621,2024-02-03,Biscoito Recheado Chocolate,Outros,5,40.23,30.65,201.15,20.12,181.03,27.78
V000315,2024-02-05,Macarrão Espaguete 500g,Outros,1,30.61,22.32,30.61,1.53,29.08,6.76
V000682,2024-02-06,Álcool 70% 1L,Limpeza,6,119.39,91.12,716.34,35.82,680.52,133.8
V000157,2024-02-07,"Água Mineral 1,5L",Bebidas,1,39.8,26.45,39.8,1.99,37.81,11.36
V000705,2024-02-08,Alcatra (kg),Carnes,6,32.93,23.28,197.58,0.0,197.58,57.9
V000070,2024-02-09,Cerveja Lata 350ml,Bebidas,2,26.35,20.65,52.7,2.64,50.06,8.76
V000304,2024-02-12,Peito de Peru (kg),Outros,3,63.3,50.5,189.9,18.99,170.91,19.41
V000263,2024-02-12,Suco Integral Laranja 1L,Bebidas,5,79.26,52.65,396.3,19.82,376.48,113.23
V000795,2024-02-12,Arroz Tipo 1 5kg,Alimentos Básicos,5,72.81,51.51,364.05,0.0,364.05,106.5
V000453,2024-02-13,Pão Francês (kg),Padaria,2,108.45,80.09,216.9,21.69,195.21,35.03
V000171,2024-02-14,Peito de Peru (kg),Outros,6,58.34,45.66,350.04,17.5,332.54,58.58
V000279,2024-02-14,Margarina Light 500g,Laticínios,3,82.13,53.18,246.39,12.32,234.07,74.53
V000567,2024-02-15,Feijão Carioca 1kg,Alimentos Básicos,2,8.38,5.64,16.76,0.0,16.76,5.48
V000719,2024-02-16,Feijão Carioca 1kg,Alimentos Básicos,2,80.61,51.11,161.22,8.06,153.16,50.94
V000351,2024-02-16,Ovos Caipira Dúzia,Outros,1,69.72,44.55,69.72,6.97,62.75,18.2
V000306,2024-02-18,Fralda Infantil G,Outros,3,34.97,26.57,104.91,5.25,99.66,19.95
V000441,2024-02-19,Arroz Tipo 1 5kg,Alimentos Básicos,4,19.09,13.86,76.36,0.0,76.36,20.92
V000748,2024-02-19,Papel Higiênico 12un,Outros,4,101.14,70.45,404.56,40.46,364.1,82.3
V000190,2024-02-20,Shampoo 400ml,Higiene,6,61.12,47.72,366.72,18.34,348.38,62.06
V000212,2024-02-21,Salsicha Hot Dog,Alimentos Básicos,2,118.69,89.9,237.38,0.0,237.38,57.58
V000090,2024-02-21,Papel Toalha 2un,Outros,2,110.34,68.88,220.68,0.0,220.68,82.92
V000160,2024-02-22,Pão de Forma Tradicional,Padaria,3,67.26,52.84,201.78,10.09,191.69,33.17
V000138,2024-02-24,Extrato de Tomate 140g,Outros,2,97.9,77.32,195.8,0.0,195.8,41.16
V000689,2024-02-24,Fralda Infantil P,Outros,5,70.9,51.34,354.5,17.73,336.77,80.07
V000739,2024-02-25,Pão de Hambúrguer,Padaria,4,41.84,31.53,167.36,16.74,150.62,24.5
V000786,2024-02-25,Sal Grosso 1kg,Alimentos Básicos,3,68.3,48.83,204.9,0.0,204.9,58.41
V000245,2024-02-26,Arroz Tipo 1 5kg,Alimentos Básicos,2,38.27,24.58,76.54,0.0,76.54,27.38
V000607,2024-02-27,Pão de Hambúrguer,Padaria,5,102.04,77.5,510.2,25.51,484.69,97.19
V000451,2024-02-27,Fralda Infantil P,Outros,1,85.23,52.55,85.23,4.26,80.97,28.42
V000662,2024-02-27,Sabão em Pó 1kg,Limpeza,2,10.68,7.92,21.36,1.07,20.29,4.45
V000605,2024-02-29,Cerveja Lata 350ml,Bebidas,5,44.82,32.13,224.1,0.0,224.1,63.45
V000664,2024-02-29,Achocolatado em Pó 400g,Outros,1,56.4,44.2,56.4,5.64,50.76,6.56
V000558,2024-02-29,Achocolatado em Pó 400g,Outros,1,111.18,69.29,111.18,11.12,100.06,30.77
V000425,2024-02-29,Papel Toalha 2un,Outros,4,116.23,82.69,464.92,0.0,464.92,134.16
V000614,2024-03-01,Feijão Preto 1kg,Alimentos Básicos,2,71.63,56.12,143.26,0.0,143.26,31.02
V000044,2024-03-01,Sal Refinado 1kg,Alimentos Básicos,4,3.25,2.2,13.0,0.65,12.35,3.55
V000230,2024-03-02,Sabonete Barra,Higiene,5,68.72,50.44,343.6,17.18,326.42,74.22
V000210,2024-03-03,Ovos Brancos Dúzia,Outros,3,25.21,15.74,75.63,3.78,71.85,24.63
V000761,2024-03-04,Gelo 5kg,Outros,3,26.87,19.03,80.61,4.03,76.58,19.49
V000394,2024-03-04,Ração para Gatos 3kg,Pets,1,57.45,36.31,57.45,5.75,51.7,15.39
V000367,2024-03-04,Macarrão Penne 500g,Outros,5,27.26,18.13,136.3,13.63,122.67,32.02
V000582,2024-03-04,Refrigerante Laranja 2L,Bebidas,6,115.81,74.97,694.86,34.74,660.12,210.3
V000294,2024-03-05,Farinha de Trigo 1kg,Alimentos Básicos,4,72.82,43.93,291.28,29.13,262.15,86.43
V000303,2024-03-05,"Água Mineral 1,5L",Bebidas,1,37.33,22.73,37.33,0.0,37.33,14.6
V000097,2024-03-06,Refrigerante Cola 2L,Bebidas,4,41.71,28.91,166.84,0.0,166.84,51.2
V000700,2024-03-07,Café Torrado 500g,Bebidas,3,113.97,78.77,341.91,34.19,307.72,71.41
V000650,2024-03-09,Óleo de Milho 900ml,Alimentos Básicos,4,68.09,48.37,272.36,13.62,258.74,65.26
V000213,2024-03-11,Papel Higiênico 12un,Outros,2,71.61,54.61,143.22,0.0,143.22,34.0
V000036,2024-03-13,Sabão em Pó 1kg,Limpeza,2,35.58,24.8,71.16,7.12,64.04,14.44
V000222,2024-03-16,Óleo de Soja 900ml,Alimentos Básicos,3,74.17,45.48,222.51,11.13,211.38,74.94
V000716,2024-03-17,Margarina 500g,Laticínios,3,78.39,54.19,235.17,11.76,223.41,60.84
V000313,2024-03-17,Ração para Gatos 3kg,Pets,6,50.53,35.5,303.18,30.32,272.86,59.86
V000526,2024-03-18,Fralda Infantil P,Outros,1,50.13,37.6,50.13,5.01,45.12,7.52
V000457,2024-03-19,Queijo Prato (kg),Laticínios,2,68.98,49.21,137.96,6.9,131.06,32.64
V000254,2024-03-19,Sabão em Pó 1kg,Limpeza,6,16.34,11.47,98.04,4.9,93.14,24.32
V000623,2024-03-20,Cereal Matinal 300g,Outros,3,117.94,74.72,353.82,0.0,353.82,129.66
V000009,2024-03-21,Papel Higiênico 12un,Outros,3,100.04,72.4,300.12,15.01,285.11,67.91
V000309,2024-03-21,Refrigerante Laranja 2L,Bebidas,5,119.43,75.97,597.15,29.86,567.29,187.44
V000459,2024-03-21,Detergente Líquido 500ml,Limpeza,6,117.0,71.46,702.0,35.1,666.9,238.14
V000183,2024-03-21,Condicionador 400ml,Higiene,4,75.51,48.94,302.04,30.2,271.84,76.08
V000333,2024-03-21,Chocolate Barra 90g,Outros,2,77.3,54.9,154.6,0.0,154.6,44.8
V000375,2024-03-21,Peito de Frango (kg),Carnes,4,79.75,59.77,319.0,0.0,319.0,79.92
V000011,2024-03-22,Pão Francês (kg),Padaria,1,47.47,32.79,47.47,2.37,45.1,12.31
V000107,2024-03-24,Cerveja Lata 350ml,Bebidas,1,90.64,55.33,90.64,4.53,86.11,30.78
V000638,2024-03-24,Cerveja Lata 350ml,Bebidas,1,39.08,26.55,39.08,1.95,37.13,10.58
V000399,2024-03-24,Amaciante 2L,Limpeza,4,64.8,43.57,259.2,25.92,233.28,59.0
V000265,2024-03-27,Detergente Líquido 500ml,Limpeza,6,23.19,15.06,139.14,6.96,132.18,41.82
V000272,2024-03-27,Presunto Cozido (kg),Outros,5,47.07,35.69,235.35,0.0,235.35,56.9
V000029,2024-03-28,Vinho Tinto Seco,Bebidas,1,117.42,82.96,117.42,0.0,117.42,34.46
V000791,2024-03-29,Iogurte Grego,Laticínios,4,47.63,36.41,190.52,0.0,190.52,44.88
V000327,2024-03-29,Leite Desnatado 1L,Laticínios,3,49.58,36.86,148.74,7.44,141.3,30.72
V000735,2024-03-31,Vinho Branco Seco,Bebidas,4,39.98,31.83,159.92,15.99,143.93,16.61
V000262,2024-04-02,Condicionador 400ml,Higiene,5,62.33,43.17,311.65,31.16,280.49,64.64
V000211,2024-04-03,Ração para Cães 10kg,Pets,2,78.08,56.17,156.16,0.0,156.16,43.82
V000589,2024-04-03,Achocolatado em Pó 400g,Outros,3,49.36,30.1,148.08,7.4,140.68,50.38
V000151,2024-04-03,Pão Francês (kg),Padaria,6,100.81,72.08,604.86,0.0,604.86,172.38
V000775,2024-04-04,Peito de Frango (kg),Carnes,2,106.36,77.93,212.72,10.64,202.08,46.22
V000043,2024-04-05,Cereal Matinal 300g,Outros,2,50.55,35.2,101.1,5.05,96.05,25.65
V000528,2024-04-05,"Água Mineral 1,5L",Bebidas,6,80.7,54.2,484.2,0.0,484.2,159.0
V000142,2024-04-11,Pão de Forma Tradicional,Padaria,6,27.69,20.27,166.14,0.0,166.14,44.52
V000209,2024-04-11,Carvão Vegetal 5kg,Outros,3,66.7,53.06,200.1,10.01,190.09,30.91
V000207,2024-04-11,Vinho Tinto Seco,Bebidas,5,50.75,40.11,253.75,0.0,253.75,53.2
V000174,2024-04-12,Amaciante 2L,Limpeza,4,4.8,3.02,19.2,1.92,17.28,5.2
V000653,2024-04-12,Manteiga 200g,Laticínios,5,94.21,71.33,471.05,47.11,423.94,67.29
V000544,2024-04-12,Macarrão Penne 500g,Outros,1,71.98,48.72,71.98,3.6,68.38,19.66
V000180,2024-04-12,Suco Integral Uva 1L,Bebidas,2,84.2,65.73,168.4,0.0,168.4,36.94
V000276,2024-04-13,Detergente Líquido 500ml,Limpeza,5,100.71,78.23,503.55,0.0,503.55,112.4
V000007,2024-04-14,Óleo de Milho 900ml,Alimentos Básicos,4,14.32,11.02,57.28,5.73,51.55,7.47
V000002,2024-04-14,Areia Sanitária Gatos,Pets,6,107.39,66.3,644.34,32.22,612.12,214.32
V000540,2024-04-14,Manteiga 200g,Laticínios,3,46.0,30.35,138.0,6.9,131.1,40.05
V000343,2024-04-18,Peito de Peru (kg),Outros,2,57.58,37.63,115.16,0.0,115.16,39.9
V000489,2024-04-18,Feijão Carioca 1kg,Alimentos Básicos,1,33.27,23.36,33.27,3.33,29.94,6.58
V000059,2024-04-19,Papel Higiênico 12un,Outros,2,34.86,25.13,69.72,6.97,62.75,12.49
V000377,2024-04-21,Condicionador 400ml,Higiene,6,71.66,46.47,429.96,43.0,386.96,108.14
V000585,2024-04-21,Extrato de Tomate 140g,Outros,1,22.23,15.41,22.23,1.11,21.12,5.71
V000219,2024-04-21,Suco Integral Laranja 1L,Bebidas,5,28.92,20.91,144.6,14.46,130.14,25.59
V000715,2024-04-23,Desinfetante 1L,Limpeza,6,60.81,48.03,364.86,36.49,328.37,40.19
V000400,2024-04-24,Leite Integral 1L,Laticínios,5,108.64,69.58,543.2,54.32,488.88,140.98
V000414,2024-04-25,Açúcar Cristal 5kg,Alimentos Básicos,6,52.05,39.2,312.3,0.0,312.3,77.1
V000137,2024-04-26,Leite Desnatado 1L,Laticínios,4,60.53,43.3,242.12,24.21,217.91,44.71
V000504,2024-04-26,Peito de Frango (kg),Carnes,3,101.93,73.74,305.79,30.58,275.21,53.99
V000243,2024-04-26,Peito de Frango (kg),Carnes,4,15.97,11.75,63.88,6.39,57.49,10.49
V000218,2024-04-26,Leite Desnatado 1L,Laticínios,4,55.45,37.29,221.8,22.18,199.62,50.46
V000225,2024-04-27,Fralda Infantil G,Outros,6,105.69,75.07,634.14,0.0,634.14,183.72
V000506,2024-04-30,Cereal Matinal 300g,Outros,3,16.68,11.25,50.04,0.0,50.04,16.29
V000560,2024-05-02,Feijão Carioca 1kg,Alimentos Básicos,6,19.05,11.47,114.3,5.71,108.59,39.77
V000050,2024-05-02,Guardanapo 50un,Outros,2,70.73,43.0,141.46,0.0,141.46,55.46
V000586,2024-05-03,Esponja de Aço,Outros,3,115.86,74.33,347.58,17.38,330.2,107.21
V000592,2024-05-04,Feijão Carioca 1kg,Alimentos Básicos,1,100.15,79.77,100.15,0.0,100.15,20.38
V000293,2024-05-04,Café em Cápsulas,Bebidas,2,52.12,39.55,104.24,5.21,99.03,19.93
V000596,2024-05-05,Café Torrado 500g,Bebidas,4,8.92,7.0,35.68,1.78,33.9,5.9
V000666,2024-05-06,Carvão Vegetal 5kg,Outros,1,31.31,21.85,31.31,1.57,29.74,7.89
V000173,2024-05-09,Detergente Líquido 500ml,Limpeza,5,41.84,25.94,209.2,10.46,198.74,69.04
V000103,2024-05-10,Creme Dental 90g,Higiene,5,6.16,4.18,30.8,3.08,27.72,6.82
V000411,2024-05-10,Pão de Hambúrguer,Padaria,1,91.47,72.78,91.47,4.57,86.9,14.12
V000030,2024-05-11,Ração para Cães 10kg,Pets,4,113.78,72.03,455.12,45.51,409.61,121.49
V000215,2024-05-13,Esponja Multiuso,Outros,3,96.43,59.98,289.29,0.0,289.29,109.35
V000194,2024-05-14,Óleo de Milho 900ml,Alimentos Básicos,3,41.23,28.16,123.69,0.0,123.69,39.21
V000216,2024-05-14,Feijão Carioca 1kg,Alimentos Básicos,3,95.43,61.8,286.29,14.31,271.98,86.58
V000723,2024-05-15,Leite Integral 1L,Laticínios,2,15.13,11.84,30.26,1.51,28.75,5.07
V000037,2024-05-15,Desinfetante 1L,Limpeza,5,58.3,44.13,291.5,14.58,276.92,56.27
V000195,2024-05-15,Esponja Multiuso,Outros,3,65.11,50.96,195.33,0.0,195.33,42.45
V000301,2024-05-16,Café Torrado 500g,Bebidas,3,66.88,51.01,200.64,0.0,200.64,47.61
V000541,2024-05-16,Fralda Infantil M,Outros,6,19.71,13.92,118.26,0.0,118.26,34.74
V000663,2024-05-18,Amaciante 2L,Limpeza,5,6.39,4.08,31.95,0.0,31.95,11.55
V000474,2024-05-18,Queijo Prato (kg),Laticínios,1,114.01,75.98,114.01,11.4,102.61,26.63
V000096,2024-05-21,Extrato de Tomate 140g,Outros,2,47.82,30.15,95.64,0.0,95.64,35.34
V000020,2024-05-21,Sabão em Pó 1kg,Limpeza,4,13.64,8.31,54.56,0.0,54.56,21.32
V000357,2024-05-23,Linguiça Toscana (kg),Carnes,5,40.27,27.33,201.35,20.14,181.21,44.56
V000041,2024-05-23,Refrigerante Guaraná 2L,Bebidas,2,35.59,23.13,71.18,0.0,71.18,24.92
V000344,2024-05-24,Margarina 500g,Laticínios,1,36.95,25.01,36.95,3.7,33.25,8.24
V000493,2024-05-25,Peito de Frango (kg),Carnes,3,43.14,32.65,129.42,12.94,116.48,18.53
V000525,2024-05-25,Desinfetante 1L,Limpeza,6,34.44,23.52,206.64,10.33,196.31,55.19
V000184,2024-05-26,Pão Francês (kg),Padaria,4,77.63,53.71,310.52,31.05,279.47,64.63
V000086,2024-05-30,Açúcar Refinado 1kg,Alimentos Básicos,1,31.65,22.0,31.65,0.0,31.65,9.65
V000647,2024-05-30,Farinha de Milho 1kg,Alimentos Básicos,4,23.23,18.51,92.92,0.0,92.92,18.88
V000065,2024-05-31,Refrigerante Laranja 2L,Bebidas,2,7.89,5.31,15.78,0.0,15.78,5.16
V000147,2024-06-01,Iogurte Natural 170g,Laticínios,2,11.35,7.19,22.7,1.14,21.56,7.18
V000679,2024-06-02,Sabão Líquido 1L,Limpeza,2,108.26,82.4,216.52,21.65,194.87,30.07
V000401,2024-06-02,Sal Refinado 1kg,Alimentos Básicos,3,102.97,70.88,308.91,30.89,278.02,65.38
V000270,2024-06-02,Salsicha Hot Dog,Alimentos Básicos,1,71.18,44.72,71.18,3.56,67.62,22.9
V000543,2024-06-04,Margarina Light 500g,Laticínios,5,83.33,64.33,416.65,0.0,416.65,95.0
V000228,2024-06-05,Carvão Vegetal 5kg,Outros,4,10.85,8.31,43.4,0.0,43.4,10.16
V000021,2024-06-05,Escova Dental,Higiene,2,95.67,65.48,191.34,0.0,191.34,60.38
V000465,2024-06-06,Picanha (kg),Carnes,3,45.2,27.95,135.6,6.78,128.82,44.97
V000785,2024-06-06,Açúcar Refinado 1kg,Alimentos Básicos,4,86.87,52.78,347.48,0.0,347.48,136.36
V000175,2024-06-07,Leite em Pó 400g,Laticínios,4,94.44,61.67,377.76,37.78,339.98,93.3
V000380,2024-06-10,Margarina Light 500g,Laticínios,6,112.4,87.19,674.4,33.72,640.68,117.54
V000241,2024-06-10,Creme Dental 90g,Higiene,1,81.85,53.56,81.85,8.19,73.66,20.1
V000695,2024-06-11,Vinho Tinto Seco,Bebidas,1,18.14,12.46,18.14,0.91,17.23,4.77
V000606,2024-06-12,Margarina 500g,Laticínios,2,79.85,52.17,159.7,15.97,143.73,39.39
V000012,2024-06-15,Patinho (kg),Carnes,3,27.51,17.97,82.53,8.25,74.28,20.37
V000014,2024-06-16,"Água com Gás 1,5L",Bebidas,4,34.58,27.15,138.32,13.83,124.49,15.89
V000112,2024-06-16,Presunto Cozido (kg),Outros,1,70.71,55.56,70.71,7.07,63.64,8.08
V000782,2024-06-20,Esponja de Aço,Outros,5,3.86,2.37,19.3,1.93,17.37,5.52
V000521,2024-06-21,Linguiça Toscana (kg),Carnes,6,37.24,26.61,223.44,22.34,201.1,41.44
V000084,2024-06-22,Ração para Cães 10kg,Pets,1,36.2,26.53,36.2,3.62,32.58,6.05
V000439,2024-06-22,Macarrão Penne 500g,Outros,6,66.95,42.63,401.7,40.17,361.53,105.75
V000630,2024-06-23,Alcatra (kg),Carnes,2,88.64,62.88,177.28,0.0,177.28,51.52
V000251,2024-06-24,Creme Dental 90g,Higiene,4,100.35,78.67,401.4,0.0,401.4,86.72
V000256,2024-06-26,Shampoo 400ml,Higiene,2,91.95,67.22,183.9,0.0,183.9,49.46
V000769,2024-06-26,Sabão em Pó 1kg,Limpeza,1,47.13,32.32,47.13,4.71,42.42,10.1
V000608,2024-06-26,Sal Grosso 1kg,Alimentos Básicos,2,72.32,55.05,144.64,14.46,130.18,20.08
V000081,2024-06-27,Condicionador 400ml,Higiene,5,38.21,27.11,191.05,0.0,191.05,55.5
V000247,2024-06-28,Macarrão Espaguete 500g,Outros,4,65.31,42.19,261.24,26.12,235.12,66.36
V000421,2024-06-28,Escova Dental,Higiene,6,52.98,37.04,317.88,15.89,301.99,79.75
V000383,2024-06-28,Refrigerante Cola 2L,Bebidas,2,112.27,68.18,224.54,11.23,213.31,76.95
V000667,2024-06-30,Cerveja Lata 350ml,Bebidas,5,67.51,45.15,337.55,16.88,320.67,94.92
V000749,2024-06-30,Gelo 5kg,Outros,5,23.32,17.79,116.6,0.0,116.6,27.65
V000068,2024-06-30,Margarina Light 500g,Laticínios,1,23.99,18.83,23.99,1.2,22.79,3.96
V000568,2024-07-02,Açúcar Cristal 5kg,Alimentos Básicos,5,96.96,72.02,484.8,48.48,436.32,76.22
V000571,2024-07-02,Pão de Hambúrguer,Padaria,5,117.83,93.18,589.15,0.0,589.15,123.25
V000278,2024-07-04,Gelo 5kg,Outros,5,97.66,61.83,488.3,24.42,463.88,154.73
V000685,2024-07-04,Queijo Mussarela (kg),Laticínios,1,58.08,43.45,58.08,5.81,52.27,8.82
V000105,2024-07-05,Café em Cápsulas,Bebidas,3,47.36,30.42,142.08,7.1,134.98,43.72
V000721,2024-07-06,Farinha de Trigo 1kg,Alimentos Básicos,4,49.83,34.45,199.32,9.97,189.35,51.55
V000131,2024-07-08,Biscoito Recheado Morango,Outros,2,89.42,58.6,178.84,17.88,160.96,43.76
V000391,2024-07-08,Macarrão Penne 500g,Outros,4,40.86,26.54,163.44,8.17,155.27,49.11
V000049,2024-07-09,Leite Desnatado 1L,Laticínios,5,10.95,8.46,54.75,2.74,52.01,9.71
V000319,2024-07-09,Vinho Branco Seco,Bebidas,5,48.28,34.39,241.4,12.07,229.33,57.38
V000508,2024-07-09,Vinho Tinto Seco,Bebidas,6,65.87,51.63,395.22,0.0,395.22,85.44
V000159,2024-07-11,Sabão Líquido 1L,Limpeza,3,75.85,53.07,227.55,11.38,216.17,56.96
V000076,2024-07-13,Chocolate Barra 90g,Outros,1,85.93,51.59,85.93,8.59,77.34,25.75
V000038,2024-07-13,Margarina 500g,Laticínios,1,80.1,53.74,80.1,4.0,76.1,22.36
V000130,2024-07-16,Peito de Peru (kg),Outros,1,89.92,71.05,89.92,8.99,80.93,9.88
V000648,2024-07-16,Macarrão Espaguete 500g,Outros,1,52.53,41.9,52.53,2.63,49.9,8.0
V000768,2024-07-17,Queijo Mussarela (kg),Laticínios,4,23.76,17.5,95.04,0.0,95.04,25.04
V000690,2024-07-18,Detergente Líquido 500ml,Limpeza,1,104.5,70.68,104.5,5.23,99.27,28.59
V000593,2024-07-21,Ovos Caipira Dúzia,Outros,3,83.3,65.6,249.9,0.0,249.9,53.1
V000595,2024-07-21,Fralda Infantil M,Outros,4,97.69,60.41,390.76,19.54,371.22,129.58
V000665,2024-07-22,Iogurte Integral 170g,Laticínios,3,99.35,69.65,298.05,29.81,268.24,59.29
V000601,2024-07-23,Fralda Infantil M,Outros,5,32.15,25.68,160.75,16.07,144.68,16.28
V000760,2024-07-23,Iogurte Natural 170g,Laticínios,2,118.07,86.98,236.14,0.0,236.14,62.18
V000321,2024-07-23,Farinha de Milho 1kg,Alimentos Básicos,2,102.78,70.96,205.56,20.56,185.0,43.08
V000283,2024-07-23,Shampoo 400ml,Higiene,2,105.14,64.18,210.28,10.51,199.77,71.41
V000032,2024-07-24,Presunto Cozido (kg),Outros,4,119.43,87.18,477.72,23.89,453.83,105.11
V000325,2024-07-24,Macarrão Penne 500g,Outros,2,95.47,57.78,190.94,19.09,171.85,56.29
V000376,2024-07-25,Esponja de Aço,Outros,3,112.16,82.91,336.48,0.0,336.48,87.75
V000649,2024-07-25,Escova Dental,Higiene,2,100.59,65.54,201.18,20.12,181.06,49.98
V000613,2024-07-25,Macarrão Espaguete 500g,Outros,3,86.88,68.09,260.64,13.03,247.61,43.34
V000052,2024-07-28,Ração para Gatos 3kg,Pets,6,39.76,25.97,238.56,0.0,238.56,82.74
V000578,2024-07-29,Amaciante 2L,Limpeza,2,52.12,41.29,104.24,0.0,104.24,21.66
V000402,2024-07-29,Álcool 70% 1L,Limpeza,4,13.64,9.58,54.56,0.0,54.56,16.24
V000098,2024-07-30,Refrigerante Cola 2L,Bebidas,4,108.87,78.04,435.48,43.55,391.93,79.77
V000520,2024-07-30,Leite Integral 1L,Laticínios,5,44.05,28.91,220.25,22.03,198.22,53.67
V000123,2024-08-05,Coxa e Sobrecoxa (kg),Outros,3,42.82,33.23,128.46,12.85,115.61,15.92
V000537,2024-08-06,Cerveja Long Neck,Bebidas,1,18.53,11.96,18.53,1.85,16.68,4.72
V000669,2024-08-07,Pão de Hambúrguer,Padaria,6,29.34,18.82,176.04,17.6,158.44,45.52
V000598,2024-08-07,Biscoito Recheado Chocolate,Outros,3,35.74,27.76,107.22,0.0,107.22,23.94
V000405,2024-08-11,Álcool 70% 1L,Limpeza,1,8.3,5.55,8.3,0.0,8.3,2.75
V000101,2024-08-13,Vinho Tinto Seco,Bebidas,2,34.93,24.35,69.86,3.49,66.37,17.67
V000622,2024-08-14,Fralda Infantil P,Outros,5,15.18,10.61,75.9,3.8,72.1,19.05
V000435,2024-08-14,Molho de Tomate 340g,Outros,1,33.51,26.37,33.51,3.35,30.16,3.79
V000741,2024-08-15,Arroz Tipo 1 5kg,Alimentos Básicos,3,44.55,32.38,133.65,6.68,126.97,29.83
V000108,2024-08-17,Fralda Infantil G,Outros,1,94.4,68.95,94.4,0.0,94.4,25.45
V000672,2024-08-17,Chocolate Barra 90g,Outros,5,97.2,64.26,486.0,48.6,437.4,116.1
V000163,2024-08-18,Farinha de Trigo 1kg,Alimentos Básicos,4,113.81,83.03,455.24,0.0,455.24,123.12
V000140,2024-08-19,Sabão Líquido 1L,Limpeza,4,55.71,38.36,222.84,22.28,200.56,47.12
V000133,2024-08-20,Carne Moída (kg),Carnes,2,38.37,28.46,76.74,0.0,76.74,19.82
V000179,2024-08-20,Óleo de Milho 900ml,Alimentos Básicos,4,117.47,88.35,469.88,46.99,422.89,69.49
V000016,2024-08-22,Açúcar Cristal 5kg,Alimentos Básicos,3,49.94,30.63,149.82,14.98,134.84,42.95
V000191,2024-08-23,Shampoo 400ml,Higiene,3,28.62,18.26,85.86,4.29,81.57,26.79
V000460,2024-08-25,Leite em Pó 400g,Laticínios,3,73.8,53.34,221.4,22.14,199.26,39.24
V000419,2024-08-30,Queijo Prato (kg),Laticínios,2,118.33,83.33,236.66,11.83,224.83,58.17
V000188,2024-08-30,Alcatra (kg),Carnes,5,45.0,29.66,225.0,22.5,202.5,54.2
V000143,2024-09-02,Sal Grosso 1kg,Alimentos Básicos,5,11.78,7.07,58.9,2.95,55.95,20.6
V000300,2024-09-03,Ração para Cães 10kg,Pets,6,15.13,10.84,90.78,4.54,86.24,21.2
V000348,2024-09-03,Pão Integral,Padaria,5,44.29,27.02,221.45,11.07,210.38,75.28
V000447,2024-09-03,Biscoito Recheado Morango,Outros,5,64.6,49.29,323.0,16.15,306.85,60.4
V000424,2024-09-03,Pão de Hambúrguer,Padaria,3,103.33,64.98,309.99,15.5,294.49,99.55
V000415,2024-09-03,Pão de Forma Tradicional,Padaria,1,14.8,8.98,14.8,1.48,13.32,4.34
V000574,2024-09-05,"Água com Gás 1,5L",Bebidas,3,72.23,50.47,216.69,0.0,216.69,65.28
V000470,2024-09-05,Desinfetante 1L,Limpeza,5,22.84,15.44,114.2,0.0,114.2,37.0
V000497,2024-09-06,Sabão Líquido 1L,Limpeza,2,67.57,45.01,135.14,6.76,128.38,38.36
V000056,2024-09-07,Patinho (kg),Carnes,3,21.46,16.45,64.38,6.44,57.94,8.59
V000437,2024-09-08,Vinho Branco Seco,Bebidas,5,79.59,58.66,397.95,19.9,378.05,84.75
V000464,2024-09-09,Leite em Pó 400g,Laticínios,1,34.35,23.22,34.35,3.44,30.91,7.69
V000473,2024-09-09,Escova Dental,Higiene,4,72.48,46.32,289.92,0.0,289.92,104.64
V000109,2024-09-10,Biscoito Cream Cracker,Outros,1,75.7,49.03,75.7,3.79,71.91,22.88
V000517,2024-09-10,Queijo Prato (kg),Laticínios,1,55.62,37.25,55.62,0.0,55.62,18.37
V000730,2024-09-11,Cerveja Long Neck,Bebidas,3,80.65,58.74,241.95,0.0,241.95,65.73
V000139,2024-09-11,Farinha de Milho 1kg,Alimentos Básicos,5,92.44,66.67,462.2,46.22,415.98,82.63
V000800,2024-09-13,Margarina 500g,Laticínios,2,87.89,61.3,175.78,8.79,166.99,44.39
V000061,2024-09-14,Café em Cápsulas,Bebidas,1,77.21,59.13,77.21,0.0,77.21,18.08
V000674,2024-09-15,Pão Integral,Padaria,4,38.35,27.0,153.4,15.34,138.06,30.06
V000798,2024-09-15,Biscoito Recheado Morango,Outros,1,24.22,18.41,24.22,0.0,24.22,5.81
V000246,2024-09-18,Queijo Mussarela (kg),Laticínios,3,17.04,11.92,51.12,2.56,48.56,12.8
V000196,2024-09-20,Cerveja Long Neck,Bebidas,3,90.35,60.33,271.05,0.0,271.05,90.06
V000787,2024-09-21,Margarina Light 500g,Laticínios,4,55.78,37.98,223.12,11.16,211.96,60.04
V000320,2024-09-23,Suco Integral Laranja 1L,Bebidas,2,119.57,78.57,239.14,11.96,227.18,70.04
V000590,2024-09-23,Sal Grosso 1kg,Alimentos Básicos,1,114.4,88.19,114.4,11.44,102.96,14.77
V000678,2024-09-24,Fralda Infantil G,Outros,6,114.41,83.55,686.46,0.0,686.46,185.16
V000727,2024-09-24,Fralda Infantil G,Outros,3,4.45,3.44,13.35,1.33,12.02,1.7
V000200,2024-09-25,Álcool 70% 1L,Limpeza,4,99.22,78.19,396.88,0.0,396.88,84.12
V000025,2024-09-26,Detergente Líquido 500ml,Limpeza,2,62.4,38.77,124.8,12.48,112.32,34.78
V000019,2024-09-26,Álcool 70% 1L,Limpeza,4,108.05,73.46,432.2,0.0,432.2,138.36
V000641,2024-09-26,Pão de Hambúrguer,Padaria,3,69.02,43.5,207.06,20.71,186.35,55.85
V000008,2024-09-27,Café Torrado 500g,Bebidas,6,56.75,35.47,340.5,17.03,323.47,110.65
V000199,2024-09-27,Esponja de Aço,Outros,1,56.21,41.29,56.21,5.62,50.59,9.3
V000717,2024-09-27,"Água com Gás 1,5L",Bebidas,1,14.68,9.32,14.68,0.0,14.68,5.36
V000770,2024-09-27,Macarrão Espaguete 500g,Outros,2,71.33,46.44,142.66,7.13,135.53,42.65
V000625,2024-09-28,Pão de Forma Tradicional,Padaria,2,84.1,56.36,168.2,0.0,168.2,55.48
V000530,2024-10-01,Linguiça Toscana (kg),Carnes,3,42.52,30.43,127.56,12.76,114.8,23.51
V000471,2024-10-02,Queijo Prato (kg),Laticínios,3,60.7,37.19,182.1,9.11,172.99,61.42
V000119,2024-10-03,Condicionador 400ml,Higiene,5,93.63,64.88,468.15,46.81,421.34,96.94
V000570,2024-10-04,Leite em Pó 400g,Laticínios,5,46.62,32.65,233.1,0.0,233.1,69.85
V000584,2024-10-05,Pão Francês (kg),Padaria,1,113.4,71.13,113.4,11.34,102.06,30.93
V000134,2024-10-07,Café Torrado 500g,Bebidas,1,67.74,50.09,67.74,0.0,67.74,17.65
V000260,2024-10-08,Sabonete Barra,Higiene,1,44.18,27.16,44.18,2.21,41.97,14.81
V000472,2024-10-09,Refrigerante Cola 2L,Bebidas,3,59.66,36.71,178.98,8.95,170.03,59.9
V000124,2024-10-09,Papel Toalha 2un,Outros,1,63.45,40.49,63.45,0.0,63.45,22.96
V000523,2024-10-10,Fralda Infantil G,Outros,2,85.07,53.3,170.14,0.0,170.14,63.54
V000555,2024-10-11,Óleo de Soja 900ml,Alimentos Básicos,3,12.25,9.61,36.75,0.0,36.75,7.92
V000371,2024-10-12,Papel Toalha 2un,Outros,3,29.31,23.29,87.93,4.4,83.53,13.66
V000072,2024-10-12,Leite Desnatado 1L,Laticínios,3,44.08,30.94,132.24,13.22,119.02,26.2
V000121,2024-10-12,Suco Integral Laranja 1L,Bebidas,2,90.81,64.84,181.62,18.16,163.46,33.78
V000145,2024-10-16,"Água Mineral 1,5L",Bebidas,1,83.42,65.47,83.42,8.34,75.08,9.61
V000269,2024-10-17,Chocolate Barra 90g,Outros,6,102.63,81.37,615.78,61.58,554.2,65.98
V000386,2024-10-18,"Água Mineral 1,5L",Bebidas,6,66.57,46.52,399.42,0.0,399.42,120.3
V000285,2024-10-18,Óleo de Soja 900ml,Alimentos Básicos,2,34.92,27.27,69.84,0.0,69.84,15.3
V000045,2024-10-19,Refrigerante Guaraná 2L,Bebidas,6,115.01,91.9,690.06,69.01,621.05,69.65
V000095,2024-10-19,Cereal Matinal 300g,Outros,3,42.29,32.93,126.87,0.0,126.87,28.08
V000764,2024-10-21,Gelo 5kg,Outros,6,8.5,5.75,51.0,2.55,48.45,13.95
V000372,2024-10-22,Pão de Forma Tradicional,Padaria,6,85.48,56.71,512.88,25.64,487.24,146.98
V000352,2024-10-22,Leite em Pó 400g,Laticínios,4,62.0,46.68,248.0,12.4,235.6,48.88
V000718,2024-10-24,Carne Moída (kg),Carnes,6,39.59,29.6,237.54,0.0,237.54,59.94
V000513,2024-10-26,Açúcar Cristal 5kg,Alimentos Básicos,3,29.31,19.28,87.93,4.4,83.53,25.69
V000752,2024-10-28,Suco Integral Laranja 1L,Bebidas,2,19.17,13.81,38.34,3.83,34.51,6.89
V000629,2024-10-28,Feijão Preto 1kg,Alimentos Básicos,3,33.55,20.83,100.65,5.03,95.62,33.13
V000189,2024-10-29,Feijão Preto 1kg,Alimentos Básicos,6,49.31,29.67,295.86,29.59,266.27,88.25
V000389,2024-10-29,Guardanapo 50un,Outros,6,91.6,58.18,549.6,54.96,494.64,145.56
V000793,2024-10-29,Fralda Infantil P,Outros,2,37.87,29.44,75.74,7.57,68.17,9.29
V000781,2024-10-30,Fralda Infantil G,Outros,2,40.48,24.95,80.96,0.0,80.96,31.06
V000340,2024-10-31,"Água Mineral 1,5L",Bebidas,1,83.57,52.78,83.57,4.18,79.39,26.61
V000026,2024-11-01,Fralda Infantil P,Outros,5,74.25,46.82,371.25,0.0,371.25,137.15
V000358,2024-11-02,Sabonete Barra,Higiene,3,62.36,43.77,187.08,9.35,177.73,46.42
V000058,2024-11-02,Ração para Cães 10kg,Pets,1,112.85,70.74,112.85,0.0,112.85,42.11
V000420,2024-11-03,Iogurte Integral 170g,Laticínios,1,68.14,48.95,68.14,6.81,61.33,12.38
V000534,2024-11-05,Arroz Integral 1kg,Alimentos Básicos,3,13.92,9.36,41.76,0.0,41.76,13.68
V000057,2024-11-05,Condicionador 400ml,Higiene,6,64.89,47.6,389.34,38.93,350.41,64.81
V000430,2024-11-06,Feijão Carioca 1kg,Alimentos Básicos,2,112.65,89.27,225.3,0.0,225.3,46.76
V000082,2024-11-07,Iogurte Grego,Laticínios,2,53.3,38.16,106.6,10.66,95.94,19.62
V000204,2024-11-07,Vinho Branco Seco,Bebidas,1,14.37,11.17,14.37,0.0,14.37,3.2
V000796,2024-11-08,Pão de Forma Tradicional,Padaria,6,89.75,66.88,538.5,0.0,538.5,137.22
V000071,2024-11-08,Pão Francês (kg),Padaria,2,5.77,3.68,11.54,0.58,10.96,3.6
V000347,2024-11-11,Vinho Branco Seco,Bebidas,1,13.54,9.19,13.54,0.68,12.86,3.67
V000433,2024-11-11,Chocolate em Pó 200g,Outros,3,63.0,44.07,189.0,0.0,189.0,56.79
V000281,2024-11-12,Cerveja Lata 350ml,Bebidas,2,46.04,36.35,92.08,4.6,87.48,14.78
V000271,2024-11-13,Fralda Infantil G,Outros,6,80.47,50.36,482.82,48.28,434.54,132.38
V000240,2024-11-15,Linguiça Toscana (kg),Carnes,5,72.76,56.51,363.8,0.0,363.8,81.25
V000699,2024-11-15,Macarrão Espaguete 500g,Outros,1,47.88,34.37,47.88,0.0,47.88,13.51
V000346,2024-11-16,Biscoito Recheado Morango,Outros,2,61.3,43.09,122.6,6.13,116.47,30.29
V000318,2024-11-17,Fralda Infantil G,Outros,3,32.2,20.05,96.6,9.66,86.94,26.79
V000075,2024-11-17,Refrigerante Laranja 2L,Bebidas,5,118.16,73.63,590.8,59.08,531.72,163.57
V000583,2024-11-18,Ovos Brancos Dúzia,Outros,6,100.33,66.74,601.98,30.1,571.88,171.44
V000017,2024-11-18,Pão Integral,Padaria,6,61.41,47.71,368.46,36.85,331.61,45.35
V000545,2024-11-18,Macarrão Penne 500g,Outros,2,35.41,21.84,70.82,7.08,63.74,20.06
V000259,2024-11-19,Extrato de Tomate 140g,Outros,4,10.99,7.57,43.96,2.2,41.76,11.48
V000495,2024-11-22,Leite Desnatado 1L,Laticínios,3,8.23,6.11,24.69,0.0,24.69,6.36
V000604,2024-11-22,Sabonete Líquido,Higiene,2,6.43,4.9,12.86,0.64,12.22,2.42
V000342,2024-11-22,Peito de Frango (kg),Carnes,4,18.3,12.34,73.2,7.32,65.88,16.52
V000660,2024-11-24,Iogurte Natural 170g,Laticínios,6,51.76,37.74,310.56,0.0,310.56,84.12
V000310,2024-11-24,Manteiga 200g,Laticínios,1,41.37,27.27,41.37,2.07,39.3,12.03
V000170,2024-11-25,Biscoito Recheado Morango,Outros,6,30.94,20.93,185.64,9.28,176.36,50.78
V000083,2024-11-25,"Água com Gás 1,5L",Bebidas,4,54.73,35.18,218.92,10.95,207.97,67.25
V000332,2024-11-26,Pão de Hambúrguer,Padaria,3,113.86,80.13,341.58,17.08,324.5,84.11
V000181,2024-11-28,Leite Integral 1L,Laticínios,3,44.94,30.84,134.82,0.0,134.82,42.3
V000202,2024-12-01,Condicionador 400ml,Higiene,2,78.78,57.28,157.56,7.88,149.68,35.12
V000214,2024-12-02,Molho de Tomate 340g,Outros,5,3.33,2.57,16.65,0.0,16.65,3.8
V000078,2024-12-04,Creme Dental 90g,Higiene,3,80.62,50.38,241.86,12.09,229.77,78.63
V000733,2024-12-04,Iogurte Integral 170g,Laticínios,1,62.31,44.25,62.31,3.12,59.19,14.94
V000633,2024-12-05,Pão de Forma Tradicional,Padaria,2,50.89,36.17,101.78,10.18,91.6,19.26
V000155,2024-12-07,Linguiça Toscana (kg),Carnes,6,15.24,9.63,91.44,4.57,86.87,29.09
V000085,2024-12-09,Óleo de Milho 900ml,Alimentos Básicos,2,81.72,52.7,163.44,0.0,163.44,58.04
V000102,2024-12-10,Ração para Gatos 3kg,Pets,6,96.38,71.79,578.28,28.91,549.37,118.63
V000106,2024-12-11,Alcatra (kg),Carnes,3,90.99,69.73,272.97,13.65,259.32,50.13
V000336,2024-12-11,Guardanapo 50un,Outros,1,99.55,60.29,99.55,0.0,99.55,39.26
V000631,2024-12-12,Sabonete Líquido,Higiene,5,107.51,79.65,537.55,26.88,510.67,112.42
V000237,2024-12-13,Peito de Frango (kg),Carnes,1,24.22,15.23,24.22,2.42,21.8,6.57
V000167,2024-12-14,Detergente Líquido 500ml,Limpeza,3,99.0,65.0,297.0,14.85,282.15,87.15
V000702,2024-12-16,Vinho Tinto Seco,Bebidas,3,90.76,57.45,272.28,13.61,258.67,86.32
V000369,2024-12-16,Esponja Multiuso,Outros,3,82.08,63.49,246.24,24.62,221.62,31.15
V000496,2024-12-17,Fralda Infantil M,Outros,1,82.23,52.04,82.23,8.22,74.01,21.97
V000060,2024-12-17,Pão de Forma Tradicional,Padaria,6,77.21,50.4,463.26,23.16,440.1,137.7
V000654,2024-12-18,Margarina Light 500g,Laticínios,3,47.82,33.34,143.46,14.35,129.11,29.09
V000603,2024-12-18,Guardanapo 50un,Outros,5,40.63,26.58,203.15,0.0,203.15,70.25
V000186,2024-12-19,Sabonete Barra,Higiene,3,77.76,53.25,233.28,11.66,221.62,61.87
V000561,2024-12-21,Sabão Líquido 1L,Limpeza,5,94.61,70.4,473.05,0.0,473.05,121.05
V000323,2024-12-21,Leite Desnatado 1L,Laticínios,5,66.43,51.7,332.15,0.0,332.15,73.65
V000519,2024-12-25,Condicionador 400ml,Higiene,6,53.1,38.4,318.6,0.0,318.6,88.2
V000255,2024-12-25,Fralda Infantil M,Outros,2,30.64,19.28,61.28,0.0,61.28,22.72
V000129,2024-12-26,"Água Mineral 1,5L",Bebidas,3,38.87,25.11,116.61,11.66,104.95,29.62
V000296,2024-12-27,Cereal Matinal 300g,Outros,5,51.74,37.92,258.7,0.0,258.7,69.1
V000312,2024-12-27,Condicionador 400ml,Higiene,4,35.12,27.96,140.48,0.0,140.48,28.64
V000468,2024-12-28,Papel Higiênico 12un,Outros,1,72.84,55.13,72.84,3.64,69.2,14.07
V000231,2024-12-28,Ração para Gatos 3kg,Pets,4,104.57,77.82,418.28,20.91,397.37,86.09
V000487,2024-12-29,Sal Refinado 1kg,Alimentos Básicos,6,74.68,53.22,448.08,44.81,403.27,83.95
V000687,2024-12-29,Pão de Hambúrguer,Padaria,6,104.96,71.8,629.76,31.49,598.27,167.47
V000790,2025-01-01,Detergente Líquido 500ml,Limpeza,1,36.91,27.21,36.91,3.69,33.22,6.01
V000773,2025-01-01,Leite em Pó 400g,Laticínios,6,40.19,25.88,241.14,0.0,241.14,85.86
V000066,2025-01-01,Pão de Forma Tradicional,Padaria,6,32.19,19.98,193.14,19.31,173.83,53.95
V000684,2025-01-02,Detergente Líquido 500ml,Limpeza,3,101.91,78.28,305.73,30.57,275.16,40.32
V000609,2025-01-02,Sabonete Barra,Higiene,1,85.3,57.18,85.3,8.53,76.77,19.59
V000776,2025-01-04,Queijo Mussarela (kg),Laticínios,2,114.19,82.63,228.38,11.42,216.96,51.7
V000274,2025-01-05,Feijão Preto 1kg,Alimentos Básicos,3,39.14,30.93,117.42,5.87,111.55,18.76
V000028,2025-01-06,Presunto Cozido (kg),Outros,2,9.78,7.59,19.56,0.0,19.56,4.38
V000502,2025-01-09,Linguiça Toscana (kg),Carnes,2,56.53,36.88,113.06,5.65,107.41,33.65
V000396,2025-01-11,Condicionador 400ml,Higiene,2,28.64,17.95,57.28,0.0,57.28,21.38
V000234,2025-01-11,Farinha de Trigo 1kg,Alimentos Básicos,3,70.17,53.43,210.51,21.05,189.46,29.17
V000767,2025-01-11,Sabonete Barra,Higiene,5,89.4,57.15,447.0,44.7,402.3,116.55
V000527,2025-01-12,"Água Mineral 1,5L",Bebidas,4,41.29,24.79,165.16,16.52,148.64,49.48
V000573,2025-01-12,Biscoito Cream Cracker,Outros,3,68.97,45.57,206.91,20.69,186.22,49.51
V000111,2025-01-12,Sal Refinado 1kg,Alimentos Básicos,5,74.05,55.51,370.25,0.0,370.25,92.7
V000427,2025-01-14,Óleo de Milho 900ml,Alimentos Básicos,5,87.78,56.01,438.9,21.95,416.95,136.9
V000535,2025-01-15,Ração para Gatos 3kg,Pets,6,22.37,15.2,134.22,6.71,127.51,36.31
V000317,2025-01-15,Suco Integral Uva 1L,Bebidas,1,70.15,49.52,70.15,3.51,66.64,17.12
V000284,2025-01-15,Papel Higiênico 12un,Outros,1,86.23,60.64,86.23,0.0,86.23,25.59
V000562,2025-01-15,Macarrão Espaguete 500g,Outros,6,94.39,61.71,566.34,0.0,566.34,196.08
V000688,2025-01-15,Chocolate em Pó 200g,Outros,5,37.4,28.81,187.0,9.35,177.65,33.6
V000299,2025-01-17,Chocolate Barra 90g,Outros,6,4.9,3.71,29.4,1.47,27.93,5.67
V000697,2025-01-17,Feijão Carioca 1kg,Alimentos Básicos,3,91.55,64.65,274.65,0.0,274.65,80.7
V000354,2025-01-17,Frango Inteiro (kg),Carnes,5,112.86,84.76,564.3,0.0,564.3,140.5
V000288,2025-01-18,Pão de Hambúrguer,Padaria,1,40.29,24.97,40.29,4.03,36.26,11.29
V000409,2025-01-19,Óleo de Soja 900ml,Alimentos Básicos,6,115.8,89.73,694.8,0.0,694.8,156.42
V000479,2025-01-20,Iogurte Integral 170g,Laticínios,4,45.71,35.95,182.84,0.0,182.84,39.04
V000428,2025-01-21,Areia Sanitária Gatos,Pets,5,73.54,56.97,367.7,0.0,367.7,82.85
V000619,2025-01-22,Presunto Cozido (kg),Outros,6,83.55,52.26,501.3,50.13,451.17,137.61
V000122,2025-01-23,Frango Inteiro (kg),Carnes,1,60.83,40.45,60.83,3.04,57.79,17.34
V000475,2025-01-24,Salsicha Hot Dog,Alimentos Básicos,4,42.16,32.17,168.64,16.86,151.78,23.1
V000640,2025-01-25,Patinho (kg),Carnes,2,55.16,36.0,110.32,5.52,104.8,32.8
V000779,2025-01-25,Farinha de Trigo 1kg,Alimentos Básicos,4,33.02,24.59,132.08,0.0,132.08,33.72
V000392,2025-01-27,Cereal Matinal 300g,Outros,4,91.19,72.11,364.76,18.24,346.52,58.08
V000316,2025-01-27,Guardanapo 50un,Outros,1,73.8,54.3,73.8,3.69,70.11,15.81
V000511,2025-01-28,Papel Toalha 2un,Outros,5,79.41,54.14,397.05,19.85,377.2,106.5
V000022,2025-01-29,Alcatra (kg),Carnes,5,119.55,84.38,597.75,59.78,537.97,116.07
V000172,2025-01-30,Ração para Cães 10kg,Pets,6,117.76,82.32,706.56,0.0,706.56,212.64
V000267,2025-01-31,Margarina Light 500g,Laticínios,3,82.43,50.32,247.29,24.73,222.56,71.6
V000750,2025-01-31,Ração para Cães 10kg,Pets,5,73.92,49.11,369.6,18.48,351.12,105.57
V000426,2025-02-01,Achocolatado em Pó 400g,Outros,3,26.79,19.54,80.37,4.02,76.35,17.73
V000205,2025-02-01,"Água Mineral 1,5L",Bebidas,3,81.45,60.98,244.35,24.44,219.91,36.97
V000100,2025-02-03,Refrigerante Cola 2L,Bebidas,5,90.46,64.16,452.3,45.23,407.07,86.27
V000548,2025-02-05,Queijo Mussarela (kg),Laticínios,6,9.38,7.31,56.28,0.0,56.28,12.42
V000635,2025-02-06,Desinfetante 1L,Limpeza,5,101.26,63.87,506.3,25.32,480.98,161.63
V000374,2025-02-08,Peito de Frango (kg),Carnes,2,36.98,24.32,73.96,7.4,66.56,17.92
V000597,2025-02-08,Vinho Branco Seco,Bebidas,1,47.78,32.75,47.78,2.39,45.39,12.64
V000253,2025-02-09,Presunto Cozido (kg),Outros,6,42.72,28.48,256.32,0.0,256.32,85.44
V000448,2025-02-10,Óleo de Soja 900ml,Alimentos Básicos,3,115.24,79.72,345.72,0.0,345.72,106.56
V000461,2025-02-10,Linguiça Toscana (kg),Carnes,1,77.19,58.41,77.19,3.86,73.33,14.92
V000675,2025-02-10,Álcool 70% 1L,Limpeza,1,3.86,3.09,3.86,0.19,3.67,0.58
V000553,2025-02-11,Detergente Líquido 500ml,Limpeza,3,76.54,53.59,229.62,11.48,218.14,57.37
V000307,2025-02-13,Suco Integral Uva 1L,Bebidas,4,42.67,27.2,170.68,17.07,153.61,44.81
V000238,2025-02-14,Leite Desnatado 1L,Laticínios,2,89.69,71.25,179.38,0.0,179.38,36.88
V000734,2025-02-16,Cereal Matinal 300g,Outros,1,56.71,43.11,56.71,2.84,53.87,10.76
V000040,2025-02-16,Frango Inteiro (kg),Carnes,1,32.09,20.47,32.09,1.6,30.49,10.02
V000696,2025-02-17,Refrigerante Guaraná 2L,Bebidas,4,47.85,29.07,191.4,0.0,191.4,75.12
V000680,2025-02-17,Ração para Cães 10kg,Pets,3,82.65,61.51,247.95,24.8,223.15,38.62
V000127,2025-02-18,Gelo 5kg,Outros,2,38.83,27.81,77.66,3.88,73.78,18.16
V000250,2025-02-18,Fralda Infantil P,Outros,4,36.87,25.11,147.48,7.37,140.11,39.67
V000390,2025-02-19,Refrigerante Guaraná 2L,Bebidas,5,41.37,28.14,206.85,0.0,206.85,66.15
V000067,2025-02-20,Creme Dental 90g,Higiene,6,21.08,16.57,126.48,0.0,126.48,27.06
V000125,2025-02-20,Vinho Tinto Seco,Bebidas,5,91.71,67.69,458.55,45.86,412.69,74.24
V000423,2025-02-22,Extrato de Tomate 140g,Outros,3,47.05,35.33,141.15,7.06,134.09,28.1
V000482,2025-02-22,Areia Sanitária Gatos,Pets,4,19.28,12.74,77.12,3.86,73.26,22.3
V000407,2025-02-22,Biscoito Recheado Chocolate,Outros,2,92.6,73.68,185.2,18.52,166.68,19.32
V000670,2025-02-23,Sabão em Pó 1kg,Limpeza,1,104.16,82.64,104.16,10.42,93.74,11.1
V000366,2025-02-24,Detergente Líquido 500ml,Limpeza,5,110.7,85.74,553.5,55.35,498.15,69.45
V000580,2025-02-26,Patinho (kg),Carnes,4,117.02,72.2,468.08,0.0,468.08,179.28
V000797,2025-02-26,Fralda Infantil M,Outros,5,19.67,12.53,98.35,9.84,88.51,25.86
V000691,2025-02-27,Café em Cápsulas,Bebidas,2,19.07,12.21,38.14,1.91,36.23,11.81
V000627,2025-02-27,Vinho Branco Seco,Bebidas,4,44.09,29.76,176.36,8.82,167.54,48.5
V000287,2025-02-28,Café em Cápsulas,Bebidas,4,61.73,39.95,246.92,0.0,246.92,87.12
V000227,2025-03-01,Margarina 500g,Laticínios,3,52.93,38.8,158.79,7.94,150.85,34.45
V000512,2025-03-01,Suco Integral Uva 1L,Bebidas,4,22.57,16.09,90.28,0.0,90.28,25.92
V000436,2025-03-03,Queijo Mussarela (kg),Laticínios,2,25.95,16.76,51.9,5.19,46.71,13.19
V000644,2025-03-04,Esponja de Aço,Outros,6,104.43,72.58,626.58,0.0,626.58,191.1
V000345,2025-03-04,Achocolatado em Pó 400g,Outros,2,98.18,77.24,196.36,19.64,176.72,22.24
V000485,2025-03-04,Esponja Multiuso,Outros,1,95.51,64.17,95.51,9.55,85.96,21.79
V000751,2025-03-04,Shampoo 400ml,Higiene,6,92.2,60.37,553.2,27.66,525.54,163.32
V000051,2025-03-05,Ração para Cães 10kg,Pets,5,69.13,45.85,345.65,17.28,328.37,99.12
V000569,2025-03-05,Pão de Hambúrguer,Padaria,3,32.05,25.1,96.15,4.81,91.34,16.04
V000652,2025-03-05,Farinha de Trigo 1kg,Alimentos Básicos,4,20.51,14.63,82.04,8.2,73.84,15.32
V000206,2025-03-05,Sabonete Barra,Higiene,6,88.01,68.39,528.06,52.81,475.25,64.91
V000551,2025-03-06,Carne Moída (kg),Carnes,5,82.9,62.39,414.5,0.0,414.5,102.55
V000408,2025-03-06,Patinho (kg),Carnes,4,55.48,43.46,221.92,11.1,210.82,36.98
V000709,2025-03-06,Ração para Cães 10kg,Pets,1,80.51,52.65,80.51,8.05,72.46,19.81
V000554,2025-03-09,Ovos Caipira Dúzia,Outros,1,77.94,55.14,77.94,0.0,77.94,22.8
V000242,2025-03-10,Vinho Tinto Seco,Bebidas,5,54.72,35.82,273.6,27.36,246.24,67.14
V000089,2025-03-11,Pão de Hambúrguer,Padaria,2,97.08,71.76,194.16,9.71,184.45,40.93
V000141,2025-03-15,Presunto Cozido (kg),Outros,5,75.66,54.62,378.3,37.83,340.47,67.37
V000226,2025-03-16,Suco Integral Laranja 1L,Bebidas,2,51.42,39.36,102.84,5.14,97.7,18.98
V000350,2025-03-17,Macarrão Penne 500g,Outros,3,88.12,66.33,264.36,13.22,251.14,52.15
V000499,2025-03-18,Ovos Brancos Dúzia,Outros,1,89.27,69.33,89.27,4.46,84.81,15.48
V000229,2025-03-18,Margarina 500g,Laticínios,6,89.44,68.18,536.64,53.66,482.98,73.9
V000154,2025-03-22,Fralda Infantil P,Outros,4,116.38,80.77,465.52,23.28,442.24,119.16
V000252,2025-03-23,Manteiga 200g,Laticínios,2,53.97,36.7,107.94,0.0,107.94,34.54
V000617,2025-03-23,Fralda Infantil P,Outros,4,78.95,50.12,315.8,31.58,284.22,83.74
V000286,2025-03-23,Óleo de Milho 900ml,Alimentos Básicos,2,98.55,76.57,197.1,0.0,197.1,43.96
V000720,2025-03-24,Creme Dental 90g,Higiene,3,105.78,65.43,317.34,15.87,301.47,105.18
V000266,2025-03-25,Amaciante 2L,Limpeza,5,74.35,50.02,371.75,18.59,353.16,103.06
V000518,2025-03-25,Farinha de Milho 1kg,Alimentos Básicos,2,27.56,20.6,55.12,5.51,49.61,8.41
V000516,2025-03-27,Esponja Multiuso,Outros,2,118.8,73.71,237.6,23.76,213.84,66.42
V000063,2025-03-28,Papel Higiênico 12un,Outros,6,53.04,31.93,318.24,0.0,318.24,126.66
V000661,2025-03-28,Pão Integral,Padaria,4,89.69,67.44,358.76,17.94,340.82,71.06
V000042,2025-03-29,Papel Higiênico 12un,Outros,1,8.92,7.13,8.92,0.0,8.92,1.79
V000538,2025-03-31,Feijão Carioca 1kg,Alimentos Básicos,1,84.38,64.42,84.38,4.22,80.16,15.74
V000322,2025-03-31,Óleo de Milho 900ml,Alimentos Básicos,6,116.2,92.65,697.2,69.72,627.48,71.58
V000466,2025-03-31,Carne Moída (kg),Carnes,3,14.96,9.24,44.88,2.24,42.64,14.92
V000467,2025-04-04,Papel Toalha 2un,Outros,5,62.96,39.08,314.8,0.0,314.8,119.4
V000005,2025-04-04,Sabonete Barra,Higiene,3,97.7,58.75,293.1,0.0,293.1,116.85
V000261,2025-04-07,Açúcar Cristal 5kg,Alimentos Básicos,1,46.14,30.33,46.14,4.61,41.53,11.2
V000762,2025-04-08,Manteiga 200g,Laticínios,5,104.56,78.2,522.8,0.0,522.8,131.8
V000403,2025-04-09,Macarrão Espaguete 500g,Outros,5,51.6,36.78,258.0,25.8,232.2,48.3
V000397,2025-04-10,Shampoo 400ml,Higiene,3,51.65,36.66,154.95,7.75,147.2,37.22
V000087,2025-04-11,Refrigerante Cola 2L,Bebidas,6,70.35,52.32,422.1,21.11,400.99,87.07
V000187,2025-04-12,Queijo Prato (kg),Laticínios,2,119.93,92.43,239.86,0.0,239.86,55.0
V000745,2025-04-13,Biscoito Recheado Morango,Outros,6,42.54,31.97,255.24,0.0,255.24,63.42
V000018,2025-04-14,Molho de Tomate 340g,Outros,3,19.34,14.49,58.02,5.8,52.22,8.75
V000388,2025-04-14,Fralda Infantil M,Outros,3,87.08,52.49,261.24,13.06,248.18,90.71
V000532,2025-04-15,Feijão Preto 1kg,Alimentos Básicos,1,111.74,70.57,111.74,5.59,106.15,35.58
V000413,2025-04-16,Peito de Frango (kg),Carnes,2,35.25,27.76,70.5,7.05,63.45,7.93
V000282,2025-04-17,Iogurte Grego,Laticínios,4,61.84,42.28,247.36,0.0,247.36,78.24
V000481,2025-04-17,Pão de Forma Tradicional,Padaria,4,96.33,73.81,385.32,0.0,385.32,90.08
V000404,2025-04-18,Areia Sanitária Gatos,Pets,3,87.62,59.51,262.86,0.0,262.86,84.33
V000498,2025-04-18,Pão Francês (kg),Padaria,4,76.68,48.87,306.72,30.67,276.05,80.57
V000587,2025-04-19,Chocolate em Pó 200g,Outros,1,13.58,10.34,13.58,0.68,12.9,2.56
V000491,2025-04-19,Areia Sanitária Gatos,Pets,5,83.78,52.79,418.9,0.0,418.9,154.95
V000091,2025-04-20,Ração para Gatos 3kg,Pets,5,118.58,85.27,592.9,29.64,563.26,136.91
V000572,2025-04-21,Iogurte Grego,Laticínios,3,41.29,29.34,123.87,0.0,123.87,35.85
V000771,2025-04-22,Extrato de Tomate 140g,Outros,1,20.98,13.94,20.98,0.0,20.98,7.04
V000039,2025-04-23,Café em Cápsulas,Bebidas,6,79.45,57.94,476.7,0.0,476.7,129.06
V000197,2025-04-24,Leite em Pó 400g,Laticínios,2,91.24,58.86,182.48,18.25,164.23,46.51
V000732,2025-04-25,Vinho Branco Seco,Bebidas,2,11.76,8.21,23.52,0.0,23.52,7.1
V000434,2025-04-25,Peito de Peru (kg),Outros,2,46.37,31.66,92.74,9.27,83.47,20.15
V000379,2025-04-28,Margarina 500g,Laticínios,6,93.18,56.0,559.08,55.91,503.17,167.17
V000165,2025-04-28,Achocolatado em Pó 400g,Outros,4,67.5,45.68,270.0,27.0,243.0,60.28
V000655,2025-04-29,Açúcar Cristal 5kg,Alimentos Básicos,2,35.22,22.15,70.44,7.04,63.4,19.1
V000305,2025-04-29,Chocolate Barra 90g,Outros,1,91.14,58.17,91.14,4.56,86.58,28.41
V000740,2025-04-29,Ração para Cães 10kg,Pets,3,86.76,54.03,260.28,26.03,234.25,72.16
V000708,2025-04-30,Extrato de Tomate 140g,Outros,2,84.34,61.24,168.68,8.43,160.25,37.77
V000792,2025-04-30,Arroz Integral 1kg,Alimentos Básicos,5,28.72,21.52,143.6,14.36,129.24,21.64
V000093,2025-05-01,Suco Integral Laranja 1L,Bebidas,3,90.96,69.85,272.88,13.64,259.24,49.69
V000454,2025-05-01,Iogurte Natural 170g,Laticínios,1,111.13,81.89,111.13,5.56,105.57,23.68
V000645,2025-05-02,Queijo Prato (kg),Laticínios,1,49.19,37.92,49.19,0.0,49.19,11.27
V000048,2025-05-03,Detergente Líquido 500ml,Limpeza,5,21.42,16.97,107.1,0.0,107.1,22.25
V000368,2025-05-04,Amaciante 2L,Limpeza,4,39.71,25.2,158.84,15.88,142.96,42.16
V000477,2025-05-05,Peito de Peru (kg),Outros,2,115.86,91.96,231.72,11.59,220.13,36.21
V000221,2025-05-05,Ovos Caipira Dúzia,Outros,4,83.27,58.13,333.08,16.65,316.43,83.91
V000431,2025-05-05,Achocolatado em Pó 400g,Outros,6,73.71,47.24,442.26,0.0,442.26,158.82
V000136,2025-05-05,Suco Integral Uva 1L,Bebidas,3,24.57,14.99,73.71,3.69,70.02,25.05
V000637,2025-05-06,Biscoito Cream Cracker,Outros,1,6.01,3.81,6.01,0.3,5.71,1.9
V000677,2025-05-08,Leite Desnatado 1L,Laticínios,3,118.64,86.38,355.92,17.8,338.12,78.98
V000492,2025-05-09,Manteiga 200g,Laticínios,3,51.67,40.94,155.01,0.0,155.01,32.19
V000494,2025-05-09,Peito de Frango (kg),Carnes,4,14.42,10.73,57.68,2.88,54.8,11.88
V000726,2025-05-09,Vinho Tinto Seco,Bebidas,1,106.85,73.53,106.85,0.0,106.85,33.32
V000341,2025-05-10,"Água com Gás 1,5L",Bebidas,2,42.8,26.91,85.6,8.56,77.04,23.22
V000169,2025-05-10,Peito de Frango (kg),Carnes,3,67.57,47.89,202.71,10.14,192.57,48.9
V000531,2025-05-11,Frango Inteiro (kg),Carnes,6,92.18,56.16,553.08,55.31,497.77,160.81
V000275,2025-05-12,Biscoito Recheado Morango,Outros,2,120.0,75.72,240.0,12.0,228.0,76.56
V000244,2025-05-13,Amaciante 2L,Limpeza,6,39.09,25.18,234.54,23.45,211.09,60.01
V000693,2025-05-14,Salsicha Hot Dog,Alimentos Básicos,6,118.44,78.49,710.64,0.0,710.64,239.7
V000444,2025-05-14,Feijão Preto 1kg,Alimentos Básicos,1,65.27,44.53,65.27,0.0,65.27,20.74
V000438,2025-05-15,Fralda Infantil M,Outros,6,60.4,38.27,362.4,18.12,344.28,114.66
V000117,2025-05-16,Manteiga 200g,Laticínios,4,115.41,83.92,461.64,23.08,438.56,102.88
V000462,2025-05-17,Pão Francês (kg),Padaria,3,67.71,45.71,203.13,0.0,203.13,66.0
V000743,2025-05-19,Macarrão Penne 500g,Outros,6,89.87,61.28,539.22,26.96,512.26,144.58
V000088,2025-05-21,Ovos Caipira Dúzia,Outros,2,20.27,14.95,40.54,0.0,40.54,10.64
V000549,2025-05-21,Picanha (kg),Carnes,1,31.21,22.71,31.21,0.0,31.21,8.5
V000384,2025-05-22,Biscoito Recheado Chocolate,Outros,6,115.57,90.75,693.42,0.0,693.42,148.92
V000681,2025-05-24,Queijo Mussarela (kg),Laticínios,3,109.11,74.3,327.33,32.73,294.6,71.7
V000308,2025-05-24,Patinho (kg),Carnes,5,34.21,21.09,171.05,8.55,162.5,57.05
V000164,2025-05-25,Queijo Mussarela (kg),Laticínios,5,85.53,58.43,427.65,21.38,406.27,114.12
V000565,2025-05-26,Guardanapo 50un,Outros,2,46.02,29.96,92.04,0.0,92.04,32.12
V000264,2025-05-28,Extrato de Tomate 140g,Outros,1,55.71,42.46,55.71,2.79,52.92,10.46
V000646,2025-05-29,Desinfetante 1L,Limpeza,5,96.65,71.09,483.25,48.33,434.92,79.47
V000331,2025-05-29,Leite Integral 1L,Laticínios,1,63.62,42.04,63.62,0.0,63.62,21.58
V000395,2025-05-29,Presunto Cozido (kg),Outros,6,16.74,13.11,100.44,5.02,95.42,16.76
V000756,2025-05-30,Esponja Multiuso,Outros,6,77.51,57.52,465.06,23.25,441.81,96.69
V000387,2025-05-31,"Água com Gás 1,5L",Bebidas,3,25.56,15.91,76.68,0.0,76.68,28.95
V000581,2025-06-01,Macarrão Penne 500g,Outros,6,98.94,60.84,593.64,59.36,534.28,169.24
V000079,2025-06-03,Presunto Cozido (kg),Outros,6,50.78,34.55,304.68,15.23,289.45,82.15
V000166,2025-06-04,Macarrão Penne 500g,Outros,1,35.32,26.77,35.32,1.77,33.55,6.78
V000507,2025-06-07,Picanha (kg),Carnes,4,72.78,52.03,291.12,14.56,276.56,68.44
V000753,2025-06-08,Queijo Prato (kg),Laticínios,6,67.09,44.47,402.54,40.25,362.29,95.47
V000158,2025-06-10,Arroz Tipo 1 5kg,Alimentos Básicos,6,104.72,72.51,628.32,0.0,628.32,193.26
V000780,2025-06-13,Patinho (kg),Carnes,5,96.93,66.8,484.65,0.0,484.65,150.65
V000033,2025-06-13,Suco Integral Laranja 1L,Bebidas,1,32.0,19.61,32.0,0.0,32.0,12.39
V000153,2025-06-15,Fralda Infantil G,Outros,4,110.18,70.11,440.72,44.07,396.65,116.21
V000729,2025-06-15,Sabão Líquido 1L,Limpeza,6,84.97,52.6,509.82,50.98,458.84,143.24
V000651,2025-06-16,"Água Mineral 1,5L",Bebidas,1,95.03,68.86,95.03,9.5,85.53,16.67
V000774,2025-06-17,Leite Desnatado 1L,Laticínios,5,21.65,15.34,108.25,5.41,102.84,26.14
V000094,2025-06-17,Vinho Tinto Seco,Bebidas,6,30.99,21.32,185.94,18.59,167.35,39.43
V000759,2025-06-19,Manteiga 200g,Laticínios,1,47.56,29.04,47.56,0.0,47.56,18.52
V000297,2025-06-20,Carne Moída (kg),Carnes,1,114.55,81.19,114.55,11.46,103.09,21.9
V000363,2025-06-20,Escova Dental,Higiene,6,75.51,58.01,453.06,0.0,453.06,105.0
V000132,2025-06-21,Sabonete Líquido,Higiene,3,117.72,90.24,353.16,17.66,335.5,64.78
V000328,2025-06-22,Margarina Light 500g,Laticínios,4,99.33,61.06,397.32,19.87,377.45,133.21
V000615,2025-06-22,Carne Moída (kg),Carnes,1,46.71,36.83,46.71,2.34,44.37,7.54
V000503,2025-06-24,Fralda Infantil P,Outros,3,72.85,52.62,218.55,21.86,196.69,38.83
V000550,2025-06-24,Feijão Carioca 1kg,Alimentos Básicos,3,112.27,70.33,336.81,33.68,303.13,92.14
V000445,2025-06-26,Iogurte Integral 170g,Laticínios,5,117.37,70.82,586.85,58.69,528.16,174.06
V000378,2025-06-27,Pão de Hambúrguer,Padaria,6,30.24,18.75,181.44,9.07,172.37,59.87
V000224,2025-06-27,Queijo Mussarela (kg),Laticínios,4,62.15,42.64,248.6,24.86,223.74,53.18
V000239,2025-06-27,Pão Integral,Padaria,4,52.12,34.83,208.48,10.42,198.06,58.74
V000182,2025-06-27,Margarina Light 500g,Laticínios,5,82.77,52.64,413.85,0.0,413.85,150.65
V000177,2025-06-30,Alcatra (kg),Carnes,3,76.34,59.35,229.02,11.45,217.57,39.52
V000529,2025-07-01,Ovos Brancos Dúzia,Outros,2,116.27,88.94,232.54,11.63,220.91,43.03
V000073,2025-07-03,Salsicha Hot Dog,Alimentos Básicos,1,16.49,13.09,16.49,0.0,16.49,3.4
V000556,2025-07-03,Linguiça Toscana (kg),Carnes,4,71.61,53.9,286.44,28.64,257.8,42.2
V000055,2025-07-04,Pão Integral,Padaria,5,34.03,26.77,170.15,0.0,170.15,36.3
V000398,2025-07-04,Ração para Gatos 3kg,Pets,2,92.14,67.82,184.28,18.43,165.85,30.21
V000417,2025-07-06,Pão Integral,Padaria,1,19.4,15.49,19.4,0.0,19.4,3.91
V000027,2025-07-06,Amaciante 2L,Limpeza,1,73.08,50.99,73.08,0.0,73.08,22.09
V000634,2025-07-07,Chocolate em Pó 200g,Outros,6,35.94,23.27,215.64,0.0,215.64,76.02
V000576,2025-07-08,Peito de Frango (kg),Carnes,6,101.23,78.5,607.38,30.37,577.01,106.01
V000406,2025-07-08,Leite Integral 1L,Laticínios,1,118.38,82.2,118.38,5.92,112.46,30.26
V000178,2025-07-08,Açúcar Cristal 5kg,Alimentos Básicos,5,11.01,8.0,55.05,2.75,52.3,12.3
V000611,2025-07-09,Presunto Cozido (kg),Outros,2,60.38,37.32,120.76,0.0,120.76,46.12
V000515,2025-07-10,Carne Moída (kg),Carnes,5,99.25,60.38,496.25,49.62,446.63,144.73
V000455,2025-07-10,Guardanapo 50un,Outros,6,6.85,5.38,41.1,2.06,39.04,6.76
V000575,2025-07-13,Achocolatado em Pó 400g,Outros,2,3.75,2.56,7.5,0.0,7.5,2.38
V000742,2025-07-14,Sabão Líquido 1L,Limpeza,3,85.15,51.87,255.45,0.0,255.45,99.84
V000799,2025-07-16,"Água com Gás 1,5L",Bebidas,6,67.31,44.3,403.86,0.0,403.86,138.06
V000600,2025-07-17,Cerveja Long Neck,Bebidas,1,13.26,8.97,13.26,0.66,12.6,3.63
V000591,2025-07-17,Achocolatado em Pó 400g,Outros,1,57.06,43.41,57.06,0.0,57.06,13.65
V000330,2025-07-18,Fralda Infantil P,Outros,5,24.29,19.27,121.45,6.07,115.38,19.03
V000432,2025-07-19,Linguiça Toscana (kg),Carnes,3,47.54,33.6,142.62,7.13,135.49,34.69
V000754,2025-07-20,Escova Dental,Higiene,2,26.5,19.21,53.0,2.65,50.35,11.93
V000128,2025-07-20,Amaciante 2L,Limpeza,3,52.78,39.54,158.34,7.92,150.42,31.8
V000298,2025-07-21,Feijão Preto 1kg,Alimentos Básicos,4,105.18,64.02,420.72,21.04,399.68,143.6
V000080,2025-07-21,Macarrão Espaguete 500g,Outros,2,52.19,41.13,104.38,10.44,93.94,11.68
V000509,2025-07-22,Sal Refinado 1kg,Alimentos Básicos,4,36.79,23.45,147.16,7.36,139.8,46.0
V000015,2025-07-24,Pão de Hambúrguer,Padaria,6,40.94,30.85,245.64,0.0,245.64,60.54
V000731,2025-07-25,Condicionador 400ml,Higiene,1,4.36,3.43,4.36,0.44,3.92,0.49
V000490,2025-07-25,Álcool 70% 1L,Limpeza,6,70.3,48.45,421.8,21.09,400.71,110.01
V000686,2025-07-26,Biscoito Recheado Chocolate,Outros,6,108.25,79.12,649.5,0.0,649.5,174.78
V000373,2025-07-27,Iogurte Integral 170g,Laticínios,3,17.26,12.69,51.78,2.59,49.19,11.12
V000004,2025-07-28,Biscoito Cream Cracker,Outros,6,79.04,56.04,474.24,0.0,474.24,138.0
V000777,2025-07-28,Fralda Infantil G,Outros,1,16.42,10.99,16.42,0.0,16.42,5.43
V000676,2025-07-28,Fralda Infantil M,Outros,5,74.26,48.99,371.3,0.0,371.3,126.35
V000757,2025-07-29,Cerveja Long Neck,Bebidas,5,69.76,51.16,348.8,17.44,331.36,75.56
V000738,2025-07-29,Pão de Forma Tradicional,Padaria,6,81.56,64.44,489.36,24.47,464.89,78.25
V000610,2025-07-31,Molho de Tomate 340g,Outros,5,113.96,87.45,569.8,28.49,541.31,104.06
V000514,2025-08-02,Vinho Branco Seco,Bebidas,5,62.76,44.84,313.8,15.69,298.11,73.91
V000724,2025-08-05,Areia Sanitária Gatos,Pets,4,24.21,16.36,96.84,4.84,92.0,26.56
V000692,2025-08-06,"Água Mineral 1,5L",Bebidas,2,40.02,29.74,80.04,0.0,80.04,20.56
V000326,2025-08-09,Patinho (kg),Carnes,4,97.03,68.92,388.12,38.81,349.31,73.63
V000566,2025-08-10,Areia Sanitária Gatos,Pets,6,16.49,12.34,98.94,0.0,98.94,24.9
V000295,2025-08-11,Cereal Matinal 300g,Outros,6,19.8,13.58,118.8,11.88,106.92,25.44
V000418,2025-08-12,Peito de Peru (kg),Outros,5,72.96,53.59,364.8,18.24,346.56,78.61
V000564,2025-08-13,Escova Dental,Higiene,1,61.05,42.87,61.05,0.0,61.05,18.18
V000728,2025-08-13,Guardanapo 50un,Outros,2,117.41,86.18,234.82,11.74,223.08,50.72
V000010,2025-08-14,Biscoito Recheado Morango,Outros,6,11.14,8.16,66.84,3.34,63.5,14.54
V000628,2025-08-14,Fralda Infantil G,Outros,6,29.39,20.29,176.34,0.0,176.34,54.6
V000362,2025-08-15,Desinfetante 1L,Limpeza,2,87.4,62.64,174.8,0.0,174.8,49.52
V000047,2025-08-16,Esponja Multiuso,Outros,1,90.51,55.34,90.51,9.05,81.46,26.12
V000074,2025-08-17,Chocolate em Pó 200g,Outros,1,15.68,10.77,15.68,1.57,14.11,3.34
V000393,2025-08-19,Desinfetante 1L,Limpeza,1,33.6,22.58,33.6,0.0,33.6,11.02
V000594,2025-08-19,Sabonete Barra,Higiene,3,110.34,67.86,331.02,0.0,331.02,127.44
V000616,2025-08-23,Margarina 500g,Laticínios,3,38.31,24.03,114.93,0.0,114.93,42.84
V000168,2025-08-24,Álcool 70% 1L,Limpeza,6,60.29,37.97,361.74,36.17,325.57,97.75
V000429,2025-08-24,Ração para Gatos 3kg,Pets,5,28.39,18.22,141.95,7.1,134.85,43.75
V000034,2025-08-25,Papel Higiênico 12un,Outros,2,71.85,43.21,143.7,14.37,129.33,42.91
V000146,2025-08-26,Ração para Cães 10kg,Pets,2,52.74,37.39,105.48,10.55,94.93,20.15
V000643,2025-08-26,Pão Francês (kg),Padaria,5,10.14,6.87,50.7,5.07,45.63,11.28
V000480,2025-08-29,Esponja Multiuso,Outros,2,82.76,58.76,165.52,16.55,148.97,31.45
V000335,2025-08-29,Álcool 70% 1L,Limpeza,2,23.03,16.69,46.06,4.61,41.45,8.07
V000500,2025-08-29,Refrigerante Guaraná 2L,Bebidas,4,3.52,2.26,14.08,0.7,13.38,4.34
V000120,2025-08-29,Iogurte Natural 170g,Laticínios,3,102.65,78.64,307.95,0.0,307.95,72.03
V000476,2025-08-31,Macarrão Penne 500g,Outros,3,40.52,31.99,121.56,0.0,121.56,25.59
V000706,2025-08-31,Café em Cápsulas,Bebidas,6,15.65,12.01,93.9,0.0,93.9,21.84
V000486,2025-08-31,Fralda Infantil P,Outros,1,15.8,10.26,15.8,1.58,14.22,3.96
V000148,2025-09-01,Guardanapo 50un,Outros,3,54.38,37.73,163.14,8.16,154.98,41.79
V000701,2025-09-02,Amaciante 2L,Limpeza,3,53.74,39.63,161.22,0.0,161.22,42.33
V000349,2025-09-03,Fralda Infantil G,Outros,6,58.06,41.07,348.36,0.0,348.36,101.94
V000150,2025-09-04,Café Torrado 500g,Bebidas,4,88.94,64.1,355.76,0.0,355.76,99.36
V000484,2025-09-04,Cerveja Long Neck,Bebidas,5,49.89,34.99,249.45,24.95,224.5,49.55
V000115,2025-09-06,Farinha de Milho 1kg,Alimentos Básicos,5,94.57,63.31,472.85,23.64,449.21,132.66
V000232,2025-09-06,Presunto Cozido (kg),Outros,3,15.12,10.61,45.36,0.0,45.36,13.53
V000546,2025-09-07,Sabonete Líquido,Higiene,6,74.09,56.0,444.54,44.45,400.09,64.09
V000355,2025-09-08,Sabão em Pó 1kg,Limpeza,4,61.51,37.46,246.04,0.0,246.04,96.2
V000612,2025-09-08,Pão de Hambúrguer,Padaria,1,64.59,38.76,64.59,6.46,58.13,19.37
V000311,2025-09-09,Refrigerante Guaraná 2L,Bebidas,2,83.7,56.1,167.4,0.0,167.4,55.2
V000031,2025-09-13,Refrigerante Guaraná 2L,Bebidas,2,111.68,83.88,223.36,22.34,201.02,33.26
V000712,2025-09-15,Biscoito Cream Cracker,Outros,3,100.29,79.69,300.87,15.04,285.83,46.76
V000559,2025-09-15,Leite Integral 1L,Laticínios,3,80.93,59.21,242.79,0.0,242.79,65.16
V000292,2025-09-15,Amaciante 2L,Limpeza,4,16.01,10.53,64.04,3.2,60.84,18.72
V000542,2025-09-16,Fralda Infantil G,Outros,2,54.49,40.57,108.98,10.9,98.08,16.94
V000280,2025-09-17,Iogurte Grego,Laticínios,6,94.7,61.25,568.2,0.0,568.2,200.7
V000744,2025-09-17,Biscoito Cream Cracker,Outros,2,17.13,13.2,34.26,0.0,34.26,7.86
V000725,2025-09-18,Açúcar Refinado 1kg,Alimentos Básicos,6,105.95,78.98,635.7,0.0,635.7,161.82
V000092,2025-09-19,Detergente Líquido 500ml,Limpeza,4,100.18,71.09,400.72,0.0,400.72,116.36
V000599,2025-09-20,Creme Dental 90g,Higiene,5,31.76,20.93,158.8,7.94,150.86,46.21
V000711,2025-09-24,Farinha de Milho 1kg,Alimentos Básicos,3,16.34,10.15,49.02,0.0,49.02,18.57
V000338,2025-09-24,Fralda Infantil P,Outros,1,61.27,44.45,61.27,3.06,58.21,13.76
V000443,2025-09-24,Fralda Infantil P,Outros,6,112.27,87.86,673.62,67.36,606.26,79.1
V000789,2025-09-25,Leite Desnatado 1L,Laticínios,6,71.52,52.94,429.12,0.0,429.12,111.48
V000510,2025-09-26,Café em Cápsulas,Bebidas,3,114.37,79.71,343.11,0.0,343.11,103.98
V000766,2025-09-27,Suco Integral Uva 1L,Bebidas,2,109.64,81.24,219.28,21.93,197.35,34.87
V000235,2025-09-28,Condicionador 400ml,Higiene,6,78.2,47.33,469.2,46.92,422.28,138.3
V000353,2025-09-30,Carvão Vegetal 5kg,Outros,5,16.9,13.44,84.5,4.23,80.27,13.07
V000223,2025-10-01,Fralda Infantil P,Outros,5,67.16,44.66,335.8,33.58,302.22,78.92
V000334,2025-10-02,Queijo Prato (kg),Laticínios,5,65.42,45.83,327.1,0.0,327.1,97.95
V000772,2025-10-02,Condicionador 400ml,Higiene,6,38.24,28.99,229.44,22.94,206.5,32.56
V000257,2025-10-05,Vinho Branco Seco,Bebidas,4,91.27,68.63,365.08,18.25,346.83,72.31
V000783,2025-10-06,Pão Integral,Padaria,6,52.63,32.67,315.78,31.58,284.2,88.18
V000035,2025-10-08,Leite Integral 1L,Laticínios,2,10.89,6.6,21.78,1.09,20.69,7.49
V000746,2025-10-10,Areia Sanitária Gatos,Pets,5,17.42,13.56,87.1,4.35,82.75,14.95
V000135,2025-10-15,Vinho Tinto Seco,Bebidas,1,105.11,75.13,105.11,5.26,99.85,24.72
V000001,2025-10-16,Farinha de Trigo 1kg,Alimentos Básicos,1,89.76,58.25,89.76,0.0,89.76,31.51
V000337,2025-10-18,Desinfetante 1L,Limpeza,3,79.18,59.65,237.54,11.88,225.66,46.71
V000024,2025-10-18,Frango Inteiro (kg),Carnes,1,37.34,23.59,37.34,0.0,37.34,13.75
V000339,2025-10-19,Queijo Prato (kg),Laticínios,4,31.65,24.1,126.6,6.33,120.27,23.87
V000778,2025-10-19,Condicionador 400ml,Higiene,5,31.53,19.17,157.65,7.88,149.77,53.92
V000440,2025-10-19,Leite Integral 1L,Laticínios,5,6.96,5.35,34.8,3.48,31.32,4.57
V000329,2025-10-19,Leite em Pó 400g,Laticínios,4,57.5,40.45,230.0,0.0,230.0,68.2
V000422,2025-10-20,Ração para Gatos 3kg,Pets,4,94.94,63.02,379.76,18.99,360.77,108.69
V000673,2025-10-20,Iogurte Integral 170g,Laticínios,4,107.77,83.02,431.08,21.55,409.53,77.45
V000370,2025-10-20,Gelo 5kg,Outros,3,74.38,47.49,223.14,0.0,223.14,80.67
V000452,2025-10-22,Salsicha Hot Dog,Alimentos Básicos,5,117.35,93.27,586.75,58.68,528.07,61.72
V000193,2025-10-23,Café Torrado 500g,Bebidas,3,95.27,57.8,285.81,14.29,271.52,98.12
V000268,2025-10-24,Salsicha Hot Dog,Alimentos Básicos,1,41.57,29.58,41.57,2.08,39.49,9.91
V000763,2025-10-24,Papel Toalha 2un,Outros,4,30.8,23.31,123.2,12.32,110.88,17.64
V000794,2025-10-25,Patinho (kg),Carnes,1,67.76,48.18,67.76,0.0,67.76,19.58
V000013,2025-10-25,Leite em Pó 400g,Laticínios,5,77.29,54.63,386.45,0.0,386.45,113.3
V000289,2025-10-27,Salsicha Hot Dog,Alimentos Básicos,2,19.1,12.56,38.2,1.91,36.29,11.17
V000450,2025-10-27,Açúcar Cristal 5kg,Alimentos Básicos,1,50.42,34.06,50.42,2.52,47.9,13.84
V000381,2025-10-28,Biscoito Cream Cracker,Outros,3,40.58,29.59,121.74,0.0,121.74,32.97
V000382,2025-10-29,Desinfetante 1L,Limpeza,2,65.61,48.85,131.22,0.0,131.22,33.52
V000736,2025-10-31,Feijão Preto 1kg,Alimentos Básicos,1,50.2,30.48,50.2,5.02,45.18,14.7
V000632,2025-10-31,Sal Refinado 1kg,Alimentos Básicos,5,107.1,67.63,535.5,0.0,535.5,197.35
V000410,2025-10-31,Peito de Frango (kg),Carnes,1,23.88,16.89,23.88,2.39,21.49,4.6
V000233,2025-11-03,Cerveja Long Neck,Bebidas,2,102.13,68.43,204.26,20.43,183.83,46.97
V000483,2025-11-05,Extrato de Tomate 140g,Outros,6,52.51,35.47,315.06,15.75,299.31,86.49
V000220,2025-11-05,Sabão Líquido 1L,Limpeza,3,56.59,44.86,169.77,0.0,169.77,35.19
V000747,2025-11-05,Sabonete Barra,Higiene,5,18.75,13.12,93.75,9.38,84.37,18.77
V000639,2025-11-07,Chocolate em Pó 200g,Outros,1,78.1,52.91,78.1,3.9,74.2,21.29
V000046,2025-11-08,Vinho Tinto Seco,Bebidas,2,25.22,16.23,50.44,0.0,50.44,17.98
V000277,2025-11-08,Frango Inteiro (kg),Carnes,5,18.33,12.38,91.65,0.0,91.65,29.75
V000116,2025-11-08,Patinho (kg),Carnes,1,62.2,41.56,62.2,3.11,59.09,17.53
V000104,2025-11-09,Açúcar Refinado 1kg,Alimentos Básicos,1,78.2,49.04,78.2,3.91,74.29,25.25
V000642,2025-11-14,Margarina 500g,Laticínios,1,81.17,61.82,81.17,4.06,77.11,15.29
V000248,2025-11-15,Coxa e Sobrecoxa (kg),Outros,1,49.46,37.02,49.46,2.47,46.99,9.97
V000110,2025-11-16,Farinha de Trigo 1kg,Alimentos Básicos,5,113.89,78.93,569.45,28.47,540.98,146.33
V000069,2025-11-16,Achocolatado em Pó 400g,Outros,3,21.63,16.01,64.89,3.24,61.65,13.62
V000273,2025-11-17,Carvão Vegetal 5kg,Outros,5,13.93,10.23,69.65,6.97,62.68,11.53
V000053,2025-11-18,Fralda Infantil M,Outros,3,56.5,44.4,169.5,0.0,169.5,36.3
V000416,2025-11-19,Café em Cápsulas,Bebidas,2,89.64,61.0,179.28,0.0,179.28,57.28
V000152,2025-11-19,Iogurte Natural 170g,Laticínios,5,7.71,5.79,38.55,1.93,36.62,7.67
V000412,2025-11-20,Esponja Multiuso,Outros,4,65.24,49.89,260.96,0.0,260.96,61.4
V000360,2025-11-20,Farinha de Trigo 1kg,Alimentos Básicos,4,71.29,54.13,285.16,28.52,256.64,40.12
V000198,2025-11-21,Ovos Brancos Dúzia,Outros,5,45.8,34.72,229.0,0.0,229.0,55.4
V000446,2025-11-21,Refrigerante Laranja 2L,Bebidas,2,15.52,9.61,31.04,0.0,31.04,11.82
V000758,2025-11-21,Esponja de Aço,Outros,3,105.66,72.32,316.98,0.0,316.98,100.02
V000201,2025-11-22,Pão Francês (kg),Padaria,4,5.93,4.61,23.72,2.37,21.35,2.91
V000698,2025-11-23,Arroz Tipo 1 5kg,Alimentos Básicos,6,88.83,57.32,532.98,26.65,506.33,162.41
V000488,2025-11-24,Fralda Infantil M,Outros,4,116.12,77.37,464.48,23.22,441.26,131.78
V000458,2025-11-24,Esponja Multiuso,Outros,3,47.91,35.83,143.73,14.37,129.36,21.87
V000113,2025-11-24,Alcatra (kg),Carnes,4,113.15,72.38,452.6,45.26,407.34,117.82
V000192,2025-11-25,Ração para Cães 10kg,Pets,6,101.09,73.36,606.54,60.65,545.89,105.73
V000522,2025-11-26,Margarina 500g,Laticínios,2,115.64,87.56,231.28,0.0,231.28,56.16
V000314,2025-11-26,Arroz Integral 1kg,Alimentos Básicos,1,19.71,14.22,19.71,0.99,18.72,4.5
V000463,2025-11-27,Álcool 70% 1L,Limpeza,6,47.47,35.81,284.82,14.24,270.58,55.72
V000364,2025-11-28,Achocolatado em Pó 400g,Outros,1,69.99,51.8,69.99,0.0,69.99,18.19
V000557,2025-11-28,Fralda Infantil M,Outros,1,39.29,27.01,39.29,0.0,39.29,12.28
V000258,2025-11-28,Guardanapo 50un,Outros,6,77.33,56.06,463.98,46.4,417.58,81.22
V000656,2025-11-28,Gelo 5kg,Outros,4,7.54,5.87,30.16,1.51,28.65,5.17
V000302,2025-12-02,"Água com Gás 1,5L",Bebidas,6,58.99,37.54,353.94,0.0,353.94,128.7
V000659,2025-12-02,Margarina 500g,Laticínios,2,18.72,14.88,37.44,1.87,35.57,5.81
V000765,2025-12-02,Peito de Peru (kg),Outros,5,9.29,6.96,46.45,0.0,46.45,11.65
V000755,2025-12-04,Peito de Frango (kg),Carnes,6,18.52,13.74,111.12,0.0,111.12,28.68
V000077,2025-12-04,Ração para Gatos 3kg,Pets,2,45.61,28.0,91.22,9.12,82.1,26.1
V000361,2025-12-05,Escova Dental,Higiene,1,72.84,47.57,72.84,7.28,65.56,17.99
V000714,2025-12-05,Cerveja Long Neck,Bebidas,3,30.44,18.34,91.32,0.0,91.32,36.3
V000144,2025-12-06,Sabonete Líquido,Higiene,4,37.08,23.96,148.32,14.83,133.49,37.65
V000668,2025-12-06,Óleo de Milho 900ml,Alimentos Básicos,3,6.21,3.79,18.63,1.86,16.77,5.4
V000208,2025-12-07,Patinho (kg),Carnes,2,54.88,43.36,109.76,5.49,104.27,17.55
V000707,2025-12-07,Farinha de Trigo 1kg,Alimentos Básicos,4,54.98,34.35,219.92,11.0,208.92,71.52
V000722,2025-12-07,Cerveja Long Neck,Bebidas,4,78.92,59.93,315.68,0.0,315.68,75.96
V000064,2025-12-08,Extrato de Tomate 140g,Outros,5,7.22,4.87,36.1,3.61,32.49,8.14
V000114,2025-12-08,Escova Dental,Higiene,2,14.92,11.26,29.84,2.98,26.86,4.34
V000657,2025-12-08,Cereal Matinal 300g,Outros,1,90.25,70.77,90.25,4.51,85.74,14.97
V000176,2025-12-10,Ovos Brancos Dúzia,Outros,6,12.4,8.25,74.4,7.44,66.96,17.46
V000236,2025-12-11,Iogurte Natural 170g,Laticínios,1,24.11,17.85,24.11,1.21,22.9,5.05
V000539,2025-12-11,Macarrão Espaguete 500g,Outros,4,11.29,7.64,45.16,4.52,40.64,10.08
V000618,2025-12-11,Condicionador 400ml,Higiene,3,29.12,20.9,87.36,0.0,87.36,24.66
V000156,2025-12-11,Vinho Branco Seco,Bebidas,3,80.52,54.76,241.56,24.16,217.4,53.12
V000478,2025-12-12,Fralda Infantil P,Outros,4,116.23,87.92,464.92,23.25,441.67,89.99
V000290,2025-12-13,Macarrão Penne 500g,Outros,6,57.89,41.86,347.34,0.0,347.34,96.18
V000449,2025-12-14,Pão de Hambúrguer,Padaria,3,83.03,63.9,249.09,24.91,224.18,32.48
V000006,2025-12-15,Refrigerante Guaraná 2L,Bebidas,3,35.51,22.84,106.53,5.33,101.2,32.68
V000161,2025-12-16,Vinho Tinto Seco,Bebidas,1,6.38,4.63,6.38,0.0,6.38,1.75
V000536,2025-12-17,Pão Francês (kg),Padaria,4,79.69,59.03,318.76,0.0,318.76,82.64
V000149,2025-12-17,Ovos Caipira Dúzia,Outros,3,61.56,43.02,184.68,0.0,184.68,55.62
V000203,2025-12-18,Queijo Prato (kg),Laticínios,6,50.77,31.88,304.62,0.0,304.62,113.34
V000710,2025-12-18,Macarrão Penne 500g,Outros,4,100.19,62.22,400.76,40.08,360.68,111.8
V000784,2025-12-20,Refrigerante Laranja 2L,Bebidas,6,98.56,60.56,591.36,59.14,532.22,168.86
V000713,2025-12-21,Margarina Light 500g,Laticínios,3,21.76,15.44,65.28,0.0,65.28,18.96
V000501,2025-12-21,Leite Desnatado 1L,Laticínios,5,14.9,11.54,74.5,0.0,74.5,16.8
V000588,2025-12-22,Shampoo 400ml,Higiene,1,28.16,21.72,28.16,0.0,28.16,6.44
V000505,2025-12-23,Queijo Prato (kg),Laticínios,5,72.05,52.92,360.25,18.01,342.24,77.64
V000442,2025-12-25,Extrato de Tomate 140g,Outros,1,28.59,19.76,28.59,0.0,28.59,8.83
V000118,2025-12-25,Extrato de Tomate 140g,Outros,4,23.61,16.63,94.44,9.44,85.0,18.48
V000359,2025-12-26,Guardanapo 50un,Outros,3,58.56,35.33,175.68,8.78,166.9,60.91
V000624,2025-12-26,Ração para Gatos 3kg,Pets,6,88.33,58.93,529.98,0.0,529.98,176.4
V000162,2025-12-27,Arroz Integral 1kg,Alimentos Básicos,3,67.45,47.92,202.35,0.0,202.35,58.59
V000126,2025-12-29,Vinho Tinto Seco,Bebidas,4,95.77,59.24,383.08,0.0,383.08,146.12
V000579,2025-12-29,Iogurte Integral 170g,Laticínios,1,8.14,5.26,8.14,0.81,7.33,2.07
V000324,2025-12-29,Fralda Infantil P,Outros,2,95.86,67.27,191.72,0.0,191.72,57.18
V000524,2025-12-29,Linguiça Toscana (kg),Carnes,2,92.09,67.71,184.18,9.21,174.97,39.55
V000356,2025-12-31,Salsicha Hot Dog,Alimentos Básicos,4,63.76,40.16,255.04,25.5,229.54,68.9
V000683,2025-12-31,Pão de Hambúrguer,Padaria,6,65.55,49.62,393.3,39.33,353.97,56.25
